date,open,high,low,close,volume,symbol,sma_20,sma_50,sma_200,ema_20,ema_50,ema_200,rsi_14,macd_line,macd_signal,macd_hist,vwap,vwap_upper_1,vwap_lower_1,vwap_upper_2,vwap_lower_2
2024-11-12,2848.69,2883.29,2794.65,2838.97,2170011,RELIANCE,,,,,,,,,,,,,,,
2024-11-13,2817.32,2835.58,2795.66,2815.62,1058036,RELIANCE,,,,,,,,,,,,,,,
2024-11-14,2834.44,2842.95,2785.76,2814.36,1572989,RELIANCE,,,,,,,,,,,,,,,
2024-11-15,2903.66,2944.33,2881.12,2912.72,1081829,RELIANCE,,,,,,,,,,,,,,,
2024-11-18,2908.47,2975.81,2878.03,2926.92,1336936,RELIANCE,,,,,,,,,,,,,,,
2024-11-19,2868.78,2994.6,2860.52,2927.56,1300222,RELIANCE,,,,,,,,,,,,,,,
2024-11-20,2941.42,2942.6,2907.75,2925.17,606907,RELIANCE,,,,,,,,,,,,,,,
2024-11-21,2966.96,3068.96,2922.54,2995.75,2773908,RELIANCE,,,,,,,,,,,,,,,
2024-11-22,2948.09,2997.29,2906.12,2951.71,1773509,RELIANCE,,,,,,,,,,,,,,,
2024-11-25,3023.46,3051.38,2978.99,3015.19,1419186,RELIANCE,,,,,,,,,,,,,,,
2024-11-26,2992.15,3046.28,2977.47,3011.88,1642208,RELIANCE,,,,,,,,,,,,,,,
2024-11-27,3085.38,3096.2,2978.83,3037.52,1084395,RELIANCE,,,,,,,,,,,,,,,
2024-11-28,3005.6,3092.15,2991.55,3041.85,1556958,RELIANCE,,,,,,,,,,,,,,,
2024-11-29,3062.19,3079.9,2935.41,3007.66,1299734,RELIANCE,,,,,,,,,,,,,,,
2024-12-02,3107.64,3132.61,2996.91,3064.76,1248934,RELIANCE,,,,,,,53.5399,,,,,,,,
2024-12-03,3008.4,3077.98,2964.98,3021.48,3080913,RELIANCE,,,,,,,48.0367,,,,,,,,
2024-12-04,3030.21,3041.21,2991.58,3016.39,1775824,RELIANCE,,,,,,,47.4194,,,,,,,,
2024-12-05,2942.09,3009.37,2891.75,2950.56,665686,RELIANCE,,,,,,,40.2204,,,,,,,,
2024-12-06,2964.54,2971.28,2899.07,2935.17,1227693,RELIANCE,,,,,,,38.7397,,,,,,,,
2024-12-09,2873.02,2982.18,2842.87,2912.53,1221382,RELIANCE,2956.1885,,,2954.7811,,,36.6048,,,,2961.4677,3035.7951,2887.1403,3110.1225,2812.8129
2024-12-10,2930.04,3002.88,2885.78,2944.33,1408311,RELIANCE,2961.4565,,,2953.7857,,,41.4829,,,,2969.763,3038.8976,2900.6284,3108.0321,2831.4939
2024-12-11,2885.68,2953.37,2841.43,2897.4,895785,RELIANCE,2965.5455,,,2948.4157,,,36.9626,,,,2973.1546,3035.272,2911.0372,3097.3894,2848.9198
2024-12-12,2955.88,3049.51,2950.06,2999.78,1146640,RELIANCE,2974.8165,,,2953.3075,,,49.811,,,,2982.9742,3034.2259,2931.7225,3085.4776,2880.4708
2024-12-13,3053.02,3086.65,2944.58,3015.61,1165873,RELIANCE,2979.961,,,2959.2411,,,51.4585,,,,2986.9578,3036.7931,2937.1225,3086.6284,2887.2872
2024-12-16,3047.93,3137.96,3017.66,3077.81,797752,RELIANCE,2987.5055,,,2970.5334,,,57.3786,,,,2992.3951,3045.116,2939.6742,3097.8368,2886.9534
2024-12-17,3116.96,3181.36,3038.33,3109.85,985437,RELIANCE,2996.62,,,2983.8016,,,60.0794,36.0355,,,2999.5968,3056.9612,2942.2324,3114.3256,2884.868
2024-12-18,3150.88,3153.51,3101.78,3127.65,3085570,RELIANCE,3006.744,,,2997.5015,,,61.5377,43.0868,,,3014.1486,3075.9363,2952.3609,3137.7239,2890.5733
2024-12-19,3059.18,3167.85,3032.11,3099.98,1296161,RELIANCE,3011.9555,,,3007.2613,,,57.9915,45.913,,,3019.7879,3084.9054,2954.6704,3150.023,2889.5528
2024-12-20,3139.23,3210.41,3107.04,3158.72,1688553,RELIANCE,3022.306,,,3021.686,,,62.8816,52.2899,,,3032.1722,3103.3776,2960.9668,3174.583,2889.7614
2024-12-23,3117.39,3197.69,3108.55,3153.12,1640586,RELIANCE,3029.2025,,,3034.2035,,,62.1389,56.2434,,,3039.8684,3116.7978,2962.939,3193.7271,2886.0097
2024-12-24,3136.34,3242.24,3110.69,3176.47,800752,RELIANCE,3037.432,,,3047.7527,,,64.0457,60.5625,,,3045.4021,3128.9033,2961.9009,3212.4045,2878.3997
2024-12-25,3208.29,3239.61,3162.59,3201.1,1035324,RELIANCE,3045.611,,,3062.3572,,,65.9913,65.2211,,,3051.4594,3142.6289,2960.2899,3233.7985,2869.1203
2024-12-26,3244.36,3272.12,3205.28,3238.7,1360612,RELIANCE,3055.4535,,,3079.1517,,,68.7697,71.1272,,,3061.1521,3162.0057,2960.2985,3262.8593,2859.4449
2024-12-27,3217.33,3254.43,3096.41,3175.42,1334126,RELIANCE,3063.8415,,,3088.3201,,,59.9003,69.8959,58.2039,11.692,3069.1192,3172.7272,2965.5112,3276.3352,2861.9032
2024-12-30,3139.86,3190.27,3126.22,3158.25,636051,RELIANCE,3068.516,,,3094.9801,,,57.7249,66.765,59.9161,6.8489,3071.3994,3177.1379,2965.6609,3282.8765,2859.9223
2024-12-31,3122.82,3172.89,3090.9,3131.89,695984,RELIANCE,3074.0365,,,3098.4954,,,54.4551,61.4484,60.2226,1.2258,3079.2782,3185.3137,2973.2427,3291.3491,2867.2073
2025-01-01,3206.16,3228.02,3170.78,3199.4,1731075,RELIANCE,3083.187,,,3108.1053,,,60.6091,61.9681,60.5717,1.3964,3092.1558,3200.8189,2983.4927,3309.4819,2874.8297
2025-01-02,3217.22,3241.92,3147.02,3194.47,1440981,RELIANCE,3095.3825,,,3116.3305,,,59.9718,61.2758,60.7125,0.5633,3101.5988,3208.2623,2994.9353,3314.9258,2888.2718
2025-01-03,3135.94,3171.75,3112.19,3141.97,1215351,RELIANCE,3105.7225,,,3118.7724,,,53.5184,55.8471,59.7394,-3.8923,3111.5035,3211.6429,3011.3641,3311.7823,2911.2247
2025-01-06,3115.21,3149.5,3078.48,3113.99,1180526,RELIANCE,3115.7955,,,3118.3169,,,50.4053,48.7253,57.5366,-8.8113,3121.1334,3210.3536,3031.9132,3299.5737,2942.6931
2025-01-07,3127.54,3146.78,3099.28,3123.03,2745472,RELIANCE,3124.7305,,,3118.7658,,,51.3892,43.3115,54.6916,-11.3801,3130.5908,3210.1619,3051.0197,3289.7331,2971.4485
2025-01-08,3203.67,3248.8,3099.48,3174.14,1258674,RELIANCE,3138.5675,,,3124.0395,,,56.6279,42.6534,52.2839,-9.6305,3140.271,3199.7568,3080.7852,3259.2426,3021.2994
2025-01-09,3220.62,3291.46,3197.07,3244.27,559582,RELIANCE,3150.792,,,3135.49,,,62.586,47.2462,51.2764,-4.0302,3148.4979,3202.8628,3094.133,3257.2277,3039.7681
2025-01-10,3304.82,3339.03,3231.25,3285.14,2973998,RELIANCE,3164.2685,,,3149.7424,,,65.5556,53.5664,51.7344,1.832,3168.2185,3220.6837,3115.7533,3273.1489,3063.2881
2025-01-13,3303.96,3337.72,3301.95,3319.84,964591,RELIANCE,3176.37,,,3165.9422,,,67.8862,60.6758,53.5227,7.1531,3175.8461,3234.8274,3116.8648,3293.8088,3057.8834
2025-01-14,3380.63,3396.17,3310.97,3353.57,906613,RELIANCE,3188.556,,,3183.8115,,,70.0104,68.2451,56.4672,11.7779,3183.7676,3252.6313,3114.9039,3321.495,3046.0402
2025-01-15,3373.99,3404.5,3364.19,3384.35,416014,RELIANCE,3201.391,,,3202.9104,,,71.8408,75.8531,60.3443,15.5088,3193.6826,3273.6271,3113.7381,3353.5717,3033.7935
2025-01-16,3395.09,3431.36,3353.7,3392.53,1637054,RELIANCE,3216.0185,,,3220.9694,,,72.3243,81.6019,64.5959,17.006,3210.7285,3297.6048,3123.8522,3384.4811,3036.9759
2025-01-17,3428.8,3432.57,3396.75,3414.66,939848,RELIANCE,3228.8155,,,3239.4161,,,73.6427,86.9413,69.0649,17.8764,3221.7,3318.0282,3125.3718,3414.3563,3029.0437
2025-01-20,3383.48,3431.6,3293.17,3362.39,426893,RELIANCE,3239.279,3089.872,,3251.1279,3124.0168,,65.6836,85.9642,72.4448,13.5194,3228.8135,3327.8152,3129.8118,3426.8168,3030.8102
2025-01-21,3352.41,3472.15,3304.35,3388.25,3732102,RELIANCE,3249.868,3100.8576,,3264.1872,3134.3789,,67.5521,86.2819,75.2122,11.0697,3252.2386,3355.4068,3149.0704,3458.5751,3045.9021
2025-01-22,3442.28,3479.12,3428.82,3453.97,299167,RELIANCE,3262.5115,3113.6246,,3282.2617,3146.9118,,71.7602,90.7901,78.3278,12.4623,3256.5213,3368.5158,3144.5268,3480.5103,3032.5323
2025-01-23,3524.86,3539.1,3481.97,3510.54,1392181,RELIANCE,3276.1035,3127.5482,,3304.0025,3161.1718,,74.7909,97.8003,82.2223,15.578,3270.7884,3395.5129,3146.0639,3520.2373,3021.3395
2025-01-24,3475.61,3486.97,3438.68,3462.83,1625382,RELIANCE,3290.474,3138.5504,,3319.1289,3173.0015,,68.1483,98.3722,85.4523,12.9199,3287.1965,3416.1939,3158.1991,3545.1913,3029.2017
2025-01-27,3460.71,3497.31,3435.95,3466.63,2190032,RELIANCE,3305.893,3149.3446,,3333.1767,3184.5163,,68.3891,98.0023,87.9623,10.04,3303.9617,3434.7405,3173.1829,3565.5193,3042.4041
2025-01-28,3390.16,3415.66,3319.72,3367.69,1129797,RELIANCE,3317.683,3158.1472,,3336.4637,3191.6996,,56.4269,88.703,88.1104,0.5926,3310.628,3435.3851,3185.8709,3560.1421,3061.1139
2025-01-29,3388.68,3437.93,3386.3,3412.12,1460697,RELIANCE,3328.319,3167.8862,,3343.669,3200.3436,,59.8252,83.9506,87.2785,-3.3279,3322.5876,3445.7877,3199.3875,3568.9878,3076.1874
2025-01-30,3352.43,3414.69,3255.21,3334.95,2439160,RELIANCE,3335.343,3174.6702,,3342.8386,3205.6222,,52.2088,73.1146,84.4457,-11.3311,3329.8696,3448.9735,3210.7657,3568.0774,3091.6618
2025-01-31,3229.88,3347.47,3216.41,3281.94,3085740,RELIANCE,3342.3415,3181.2748,,3337.0388,3208.6151,,47.715,59.5628,79.4691,-19.9063,3332.4351,3443.4137,3221.4565,3554.3922,3110.478
2025-02-03,3255.18,3296.02,3202.67,3249.34,1432802,RELIANCE,3349.109,3185.9578,,3328.6865,3210.2122,,45.1417,45.666,72.7085,-27.0425,3336.8262,3436.7201,3236.9323,3536.614,3137.0384
2025-02-04,3270.44,3283.04,3235.31,3259.17,892111,RELIANCE,3355.916,3190.9036,,3322.0659,3212.1321,,46.0859,35.042,65.1752,-30.1332,3354.2205,3441.7742,3266.6668,3529.3279,3179.1131
2025-02-05,3249.2,3293.73,3236.27,3265.0,1055546,RELIANCE,3360.459,3195.4532,,3316.631,3214.2053,,46.6721,26.784,57.497,-30.713,3358.7025,3438.3259,3279.0791,3517.9493,3199.4557
2025-02-06,3342.47,3407.14,3287.99,3347.57,1745913,RELIANCE,3365.624,3201.5676,,3319.5776,3219.4353,,54.2583,26.5957,51.3167,-24.721,3360.1529,3435.0529,3285.2529,3509.9528,3210.353
2025-02-07,3359.39,3386.65,3259.39,3323.02,1195937,RELIANCE,3367.518,3207.8748,,3319.9055,3223.4975,,51.8945,24.1866,45.8907,-21.7041,3366.3212,3439.5389,3293.1035,3512.7566,3219.8858
2025-02-10,3291.08,3340.63,3206.59,3273.61,1801135,RELIANCE,3365.2065,3212.0518,,3315.4964,3225.4627,,47.4172,18.082,40.3289,-22.2469,3362.2229,3437.7192,3286.7266,3513.2155,3211.2303
2025-02-11,3305.04,3329.14,3218.18,3273.66,2205636,RELIANCE,3361.211,3217.0954,,3311.5119,3227.3527,,47.4221,13.0971,34.8826,-21.7855,3356.1948,3434.4051,3277.9845,3512.6153,3199.7743
2025-02-12,3455.57,3457.85,3312.46,3385.16,422327,RELIANCE,3361.2515,3224.4708,,3318.526,3233.5413,,57.1066,17.9369,31.4934,-13.5565,3356.2115,3434.4346,3277.9884,3512.6577,3199.7653
2025-02-13,3491.17,3511.78,3458.71,3485.25,3608545,RELIANCE,3365.8875,3235.1646,,3334.4045,3243.4122,,63.5899,29.5087,31.0965,-1.5878,3368.4897,3451.2782,3285.7012,3534.0668,3202.9126
2025-02-14,3472.73,3534.88,3438.82,3486.85,650126,RELIANCE,3369.497,3246.1982,,3348.9231,3252.9588,,63.6844,38.3663,32.5505,5.8158,3369.513,3456.0297,3282.9963,3542.5464,3196.4796
2025-02-17,3600.12,3641.8,3500.49,3571.15,2214300,RELIANCE,3379.935,3259.3706,,3370.0876,3265.4369,,68.3458,51.5936,36.3591,15.2345,3382.5129,3480.0216,3285.0042,3577.5303,3187.4955
2025-02-18,3622.46,3624.18,3509.52,3566.85,1201264,RELIANCE,3388.865,3271.821,,3388.8269,3277.257,,67.8673,61.0259,41.2924,19.7335,3388.7544,3494.8637,3282.6451,3600.973,3176.5358
2025-02-19,3597.76,3617.95,3508.34,3563.15,1206933,RELIANCE,3394.324,3285.136,,3405.4291,3288.4685,,67.4298,67.4252,46.519,20.9062,3394.5492,3506.814,3282.2844,3619.0787,3170.0197
2025-02-20,3589.92,3597.01,3448.71,3522.86,1428035,RELIANCE,3394.94,3295.5976,,3416.613,3297.6603,,62.6908,68.4566,50.9065,17.5501,3395.2086,3508.1764,3282.2408,3621.1442,3169.273
2025-02-21,3529.68,3592.53,3429.18,3510.85,2283580,RELIANCE,3397.341,3305.5024,,3425.5879,3306.0207,,61.3076,67.5264,54.2305,13.2959,3399.7905,3514.7698,3284.8112,3629.7492,3169.8318
2025-02-24,3536.93,3537.49,3442.81,3490.15,1506356,RELIANCE,3398.517,3313.7492,,3431.7367,3313.2414,,58.8956,64.3768,56.2598,8.117,3399.4791,3515.3215,3283.6367,3631.1638,3167.7944
2025-02-25,3516.92,3554.85,3490.04,3522.45,1023964,RELIANCE,3406.255,3322.0012,,3440.3761,3321.4457,,61.4445,63.7522,57.7582,5.994,3404.4039,3523.2095,3285.5983,3642.0151,3166.7927
2025-02-26,3609.36,3615.51,3538.65,3577.08,1906558,RELIANCE,3414.503,3330.9898,,3453.3955,3331.4706,,65.3574,66.8943,59.5855,7.3088,3413.9503,3538.759,3289.1416,3663.5677,3164.3329
2025-02-27,3535.26,3642.47,3496.48,3569.48,1338301,RELIANCE,3426.2295,3340.3798,,3464.4512,3340.8043,,64.3786,67.9874,61.2658,6.7216,3426.3966,3554.3162,3298.477,3682.2359,3170.5573
2025-02-28,3531.64,3625.02,3515.18,3570.1,2124336,RELIANCE,3440.6375,3348.6074,,3474.5129,3349.7963,,64.4254,68.1185,62.6364,5.4821,3450.4344,3577.4721,3323.3967,3704.5098,3196.359
2025-03-03,3575.2,3604.62,3483.78,3544.2,2252809,RELIANCE,3455.3805,3356.429,,3481.1498,3357.4199,,60.8294,65.3789,63.1849,2.194,3466.0084,3586.6248,3345.392,3707.2413,3224.7755
2025-03-04,3462.03,3534.34,3413.66,3474.0,1481215,RELIANCE,3466.122,3362.3796,,3480.4689,3361.9917,,52.3072,56.8874,61.9254,-5.038,3472.0218,3583.4622,3360.5814,3694.9027,3249.1409
2025-03-05,3626.23,3634.08,3466.16,3550.12,830864,RELIANCE,3480.378,3369.36,,3487.1023,3369.3693,,59.0127,55.6584,60.672,-5.0136,3480.7615,3582.9744,3378.5486,3685.1872,3276.3358
2025-03-06,3563.77,3640.97,3529.07,3585.02,962589,RELIANCE,3492.2505,3376.2864,,3496.4278,3377.8262,,61.6734,56.8454,59.9067,-3.0613,3491.2815,3591.0165,3391.5465,3690.7515,3291.8115
2025-03-07,3598.23,3614.84,3573.99,3594.41,1776699,RELIANCE,3505.82,3384.6662,,3505.7594,3386.3197,,62.381,57.8765,59.5006,-1.6241,3503.2119,3596.9951,3409.4287,3690.7782,3315.6456
2025-03-10,3598.64,3599.58,3532.58,3566.08,1188520,RELIANCE,3520.4435,3392.8228,,3511.5043,3393.3691,,58.8508,55.7649,58.7535,-2.9886,3518.657,3595.6203,3441.6937,3672.5835,3364.7305
2025-03-11,3507.53,3609.65,3461.85,3535.75,1987212,RELIANCE,3533.548,3400.9,,3513.8134,3398.9527,,55.2463,51.0556,57.2139,-6.1583,3536.9513,3587.4444,3486.4582,3637.9375,3435.9651
2025-03-12,3552.67,3555.8,3514.23,3535.02,2094409,RELIANCE,3541.041,3407.6124,,3515.8331,3404.2886,,55.1587,46.7258,55.1163,-8.3905,3538.7675,3575.259,3502.276,3611.7506,3465.7844
2025-03-13,3514.6,3532.01,3464.52,3498.26,1538669,RELIANCE,3541.6915,3413.6882,,3514.1594,3407.9738,,50.7927,39.8686,52.0668,-12.1982,3542.9876,3578.5355,3507.4397,3614.0835,3471.8917
2025-03-14,3542.96,3549.54,3378.32,3463.93,1004790,RELIANCE,3540.5455,3420.1274,,3509.3757,3410.1681,,47.0474,31.3033,47.9141,-16.6108,3541.618,3579.3305,3503.9055,3617.043,3466.193
2025-03-17,3560.07,3598.51,3530.38,3564.44,967242,RELIANCE,3540.21,3429.1364,,3514.6199,3416.218,,57.0361,32.2537,44.782,-12.5283,3540.1794,3577.6345,3502.7243,3615.0897,3465.2691
2025-03-18,3583.55,3643.95,3553.59,3598.77,1453693,RELIANCE,3541.806,3438.6512,,3522.6342,3423.3769,,59.8238,35.3694,42.8995,-7.5301,3541.9297,3581.2151,3502.6443,3620.5005,3463.3589
2025-03-19,3616.27,3639.87,3531.61,3585.74,1773827,RELIANCE,3542.9355,3446.8832,,3528.6443,3429.7441,,58.2782,36.3679,41.5932,-5.2253,3543.6147,3583.8592,3503.3702,3624.1037,3463.1257
2025-03-20,3581.55,3631.19,3538.73,3584.96,1196741,RELIANCE,3546.0405,3453.697,,3534.0077,3435.831,,58.1813,36.6736,40.6092,-3.9356,3546.1924,3587.1949,3505.1899,3628.1975,3464.1873
2025-03-21,3503.97,3610.92,3488.99,3549.95,1550945,RELIANCE,3547.9955,3458.9932,,3535.526,3440.3062,,53.8529,33.7023,39.2279,-5.5256,3549.0807,3589.2407,3508.9207,3629.4007,3468.7607
2025-03-24,3597.09,3724.59,3556.6,3640.59,2131322,RELIANCE,3555.5175,3465.4082,,3545.5321,3448.1605,,61.7805,38.2208,39.0264,-0.8056,3558.3603,3601.1205,3515.6001,3643.8806,3472.84
2025-03-25,3542.29,3608.03,3512.07,3560.05,349738,RELIANCE,3557.3975,3469.5378,,3546.9147,3452.5483,,53.0583,34.9006,38.2013,-3.3007,3559.6096,3601.6599,3517.5593,3643.7102,3475.509
2025-03-26,3587.45,3709.53,3557.88,3633.71,1630326,RELIANCE,3560.229,3474.525,,3555.181,3459.6527,,58.7888,37.7776,38.1165,-0.3389,3562.562,3607.7934,3517.3306,3653.0247,3472.0993
2025-03-27,3647.7,3723.96,3599.47,3661.72,1150077,RELIANCE,3564.841,3479.9088,,3565.3275,3467.5769,,60.751,41.8355,38.8603,2.9752,3566.1205,3616.7276,3515.5134,3667.3346,3464.9064
2025-03-28,3649.91,3712.76,3641.04,3676.9,3287294,RELIANCE,3570.181,3485.1536,,3575.9535,3475.7857,,61.8121,45.749,40.2381,5.5109,3577.7416,3634.2262,3521.257,3690.7107,3464.7725
2025-03-31,3689.88,3699.69,3583.58,3641.63,1666588,RELIANCE,3575.0525,3490.7384,,3582.2084,3482.2894,,57.8954,45.4801,41.2865,4.1936,3583.8051,3642.1035,3525.5067,3700.4018,3467.2084
2025-04-01,3609.52,3712.08,3570.46,3641.27,680717,RELIANCE,3583.416,3495.7988,,3587.8333,3488.5239,,57.8551,44.7225,41.9737,2.7488,3590.7095,3645.6493,3535.7697,3700.5892,3480.8298
2025-04-02,3716.99,3727.44,3550.75,3639.09,450524,RELIANCE,3587.8645,3499.5012,,3592.7149,3494.4285,,57.5937,43.4454,42.268,1.1774,3592.6346,3648.3334,3536.9358,3704.0322,3481.237
2025-04-03,3602.02,3721.36,3542.58,3631.97,852124,RELIANCE,3590.212,3501.9298,,3596.4535,3499.8222,,56.6927,41.3817,42.0908,-0.7091,3594.0563,3650.6117,3537.5009,3707.167,3480.9456
2025-04-04,3637.73,3735.59,3586.26,3660.92,367526,RELIANCE,3593.5375,3505.8916,,3602.5931,3506.1398,,59.4692,41.6027,41.9931,-0.3904,3594.9326,3653.6616,3536.2036,3712.3906,3477.4746
2025-04-07,3553.76,3609.87,3515.18,3562.52,3781176,RELIANCE,3593.3595,3507.8094,,3598.7767,3508.3508,,48.1659,33.4521,40.2849,-6.8328,3591.9824,3650.8042,3533.1606,3709.6261,3474.3387
2025-04-08,3467.2,3524.39,3458.55,3491.47,1028604,RELIANCE,3591.1455,3510.285,,3588.557,3507.6888,,41.9637,21.0173,36.4314,-15.4141,3592.2711,3654.1304,3530.4118,3715.9897,3468.5525
2025-04-09,3453.58,3509.34,3444.49,3476.91,1021973,RELIANCE,3588.24,3511.5808,,3577.9239,3506.4818,,40.8042,9.874,31.1199,-21.2459,3592.3436,3658.2122,3526.475,3724.0807,3460.6065
2025-04-10,3534.37,3551.5,3458.69,3505.1,1271731,RELIANCE,3588.582,3514.9838,,3570.9883,3506.4276,,44.0289,3.2797,25.5519,-22.2722,3593.5676,3658.9609,3528.1743,3724.3542,3462.781
2025-04-11,3486.01,3514.47,3463.31,3488.89,1111727,RELIANCE,3589.83,3519.1228,,3563.1694,3505.7399,,42.5921,-3.2173,19.798,-23.0153,3594.0685,3657.1551,3530.9819,3720.2417,3467.8953
2025-04-14,3530.94,3598.84,3440.45,3519.65,1267671,RELIANCE,3587.5905,3524.529,,3559.0247,3506.2853,,46.1813,-5.817,14.675,-20.492,3591.7245,3656.5317,3526.9173,3721.3389,3462.1101
2025-04-15,3535.92,3650.77,3500.95,3575.86,633693,RELIANCE,3586.445,3530.8628,,3560.6281,3509.0138,,52.0774,-3.3036,11.0793,-14.3829,3590.9785,3655.7802,3526.1768,3720.5818,3461.3752
2025-04-16,3690.5,3693.94,3550.85,3622.4,1315662,RELIANCE,3588.278,3538.0108,,3566.5111,3513.4603,,56.3422,2.4159,9.3466,-6.9307,3592.8714,3658.1686,3527.5742,3723.4657,3462.2771
2025-04-17,3663.82,3695.86,3658.09,3676.97,786287,RELIANCE,3592.8785,3544.5988,,3577.031,3519.8724,,60.7526,11.2226,9.7218,1.5008,3595.7419,3663.9687,3527.5151,3732.1956,3459.2882
2025-04-18,3755.77,3767.35,3723.53,3745.44,1297114,RELIANCE,3602.653,3553.0472,,3593.07,3528.7182,,65.4666,23.4565,12.4688,10.9877,3605.9095,3681.2909,3530.5281,3756.6722,3455.1468
2025-04-21,3699.63,3831.88,3664.83,3748.36,1168503,RELIANCE,3608.0415,3562.5422,,3607.8595,3537.3316,,65.6561,33.0071,16.5764,16.4307,3609.593,3691.406,3527.78,3773.219,3445.967
2025-04-22,3621.36,3704.05,3609.04,3656.55,1834333,RELIANCE,3612.8665,3570.2,,3612.4967,3542.0069,,55.3705,32.7898,19.8191,12.9707,3613.4818,3695.1609,3531.8027,3776.84,3450.1236
2025-04-23,3667.66,3693.62,3634.09,3663.86,1824958,RELIANCE,3614.374,3575.774,,3617.3884,3546.7854,,55.9621,32.8289,22.4211,10.4078,3615.6819,3698.0413,3533.3225,3780.4006,3450.9632
2025-04-24,3695.65,3743.52,3639.78,3691.65,486936,RELIANCE,3615.8705,3579.902,,3624.461,3552.4664,,58.2288,34.7024,24.8773,9.8251,3615.0716,3698.6003,3531.5429,3782.1289,3448.0143
2025-04-25,3680.96,3728.86,3669.56,3699.21,855896,RELIANCE,3616.986,3584.1492,,3631.5799,3558.221,,58.8494,36.3778,27.1774,9.2004,3609.5351,3694.0647,3525.0055,3778.5942,3440.476
2025-04-28,3674.29,3832.12,3646.58,3739.35,1239026,RELIANCE,3621.872,3587.5132,,3641.8437,3565.3241,,62.0712,40.4779,29.8375,10.6404,3614.1471,3702.895,3525.3992,3791.643,3436.6512
2025-04-29,3719.35,3749.31,3662.49,3705.9,2255118,RELIANCE,3625.1035,3590.2942,,3647.9443,3570.8369,,57.9962,40.5606,31.9821,8.5785,3621.7305,3712.3783,3531.0827,3803.026,3440.435
2025-04-30,3843.13,3869.38,3759.34,3814.36,990364,RELIANCE,3633.867,3595.3184,,3663.7934,3580.3868,,65.8295,48.8152,35.3487,13.4665,3628.936,3728.9912,3528.8808,3829.0464,3428.8256
2025-05-01,3697.82,3869.36,3693.82,3781.59,1508307,RELIANCE,3641.348,3600.493,,3675.0122,3588.2771,,62.0635,52.1121,38.7014,13.4107,3637.6766,3743.0354,3532.3178,3848.3942,3426.959
2025-05-02,3644.14,3714.0,3610.19,3662.09,767753,RELIANCE,3641.4065,3603.5178,,3673.7815,3591.1718,,50.6778,44.5685,39.8748,4.6937,3638.0624,3743.433,3532.6918,3848.8035,3427.3213
2025-05-05,3696.52,3704.05,3542.02,3623.04,604092,RELIANCE,3644.4325,3606.1756,,3668.949,3592.4215,,47.6045,35.0352,38.9069,-3.8717,3649.9469,3753.7909,3546.1029,3857.6349,3442.2589
2025-05-06,3646.3,3660.56,3510.49,3585.52,2898553,RELIANCE,3649.135,3607.437,,3661.0033,3592.1509,,44.7936,24.1739,35.9603,-11.7864,3649.0031,3747.5501,3550.4561,3846.097,3451.9092
2025-05-07,3588.8,3606.69,3507.25,3556.97,1327598,RELIANCE,3653.138,3607.0348,,3651.0954,3590.7712,,42.7263,13.1113,31.3905,-18.2792,3651.1131,3743.7449,3558.4813,3836.3767,3465.8495
2025-05-08,3651.24,3755.53,3577.19,3666.36,1416261,RELIANCE,3661.201,3608.9724,,3652.5492,3593.7355,,51.8885,13.0208,27.7166,-14.6958,3659.2134,3745.0501,3573.3767,3830.8868,3487.54
2025-05-09,3588.59,3687.96,3572.3,3630.13,1023325,RELIANCE,3668.263,3610.173,,3650.414,3595.1627,,49.0876,9.9115,24.1556,-14.2441,3665.4716,3741.6528,3589.2904,3817.8339,3513.1093
2025-05-12,3572.9,3678.15,3530.84,3604.49,1183215,RELIANCE,3672.505,3611.3788,,3646.0403,3595.5285,,47.148,5.317,20.3878,-15.0708,3669.9059,3739.4487,3600.3631,3808.9914,3530.8204
2025-05-13,3562.99,3609.95,3525.13,3567.54,508915,RELIANCE,3672.089,3613.2496,,3638.5641,3594.4309,,44.4238,-1.2908,16.0521,-17.3429,3670.2025,3740.3758,3600.0292,3810.5492,3529.8558
2025-05-14,3651.68,3716.97,3595.3,3656.14,1407935,RELIANCE,3673.776,3615.37,,3640.238,3596.8509,,51.6394,0.6147,12.9646,-12.3499,3671.9001,3741.2163,3602.5839,3810.5324,3533.2678
2025-05-15,3741.03,3836.62,3649.63,3743.13,2254539,RELIANCE,3677.084,3618.5322,,3650.0372,3602.5873,,57.477,9.04,12.1797,-3.1397,3677.7317,3748.7656,3606.6978,3819.7994,3535.664
2025-05-16,3817.51,3828.27,3683.34,3755.8,1087819,RELIANCE,3677.602,3621.76,,3660.1099,3608.5956,,58.2671,16.5486,13.0535,3.4951,3677.6229,3749.2172,3606.0286,3820.8116,3534.4342
2025-05-19,3719.32,3804.83,3691.02,3747.92,728389,RELIANCE,3677.58,3625.3968,,3668.4727,3614.0593,,57.5508,21.6143,14.7656,6.8487,3676.4228,3747.9947,3604.8509,3819.5665,3533.2791
2025-05-20,3635.99,3690.01,3625.47,3657.74,2668099,RELIANCE,3677.6395,3627.8366,,3667.4506,3615.7723,,49.979,18.143,15.4411,2.7019,3675.9276,3747.4815,3604.3737,3819.0354,3532.8198
2025-05-21,3732.1,3733.91,3597.83,3665.87,2130459,RELIANCE,3677.74,3630.4536,,3667.3,3617.7369,,50.6099,15.8651,15.5259,0.3392,3675.9496,3747.4845,3604.4147,3819.0194,3532.8798
2025-05-22,3872.74,3894.0,3753.28,3823.64,512885,RELIANCE,3684.3395,3636.9612,,3682.1896,3625.8116,,60.9127,26.4852,17.7178,8.7674,3678.438,3757.0609,3599.8151,3835.6839,3521.1921
2025-05-23,3854.88,3924.84,3830.91,3877.87,584534,RELIANCE,3693.2725,3645.24,,3700.8258,3635.6962,,63.7146,38.8301,21.9402,16.8899,3682.0841,3771.8463,3592.3219,3861.6085,3502.5597
2025-05-26,3814.41,3859.95,3758.18,3809.06,1521745,RELIANCE,3696.758,3650.1324,,3711.1338,3642.4948,,58.0304,42.5703,26.0662,16.5041,3686.55,3779.4929,3593.6071,3872.4357,3500.6643
2025-05-27,3692.36,3723.49,3668.19,3695.84,1574287,RELIANCE,3696.255,3652.0738,,3709.6773,3644.5868,,50.1091,35.9838,28.0498,7.934,3685.4634,3778.3814,3592.5454,3871.2994,3499.6274
2025-05-28,3637.89,3662.67,3625.93,3644.3,892046,RELIANCE,3687.752,3653.245,,3703.4509,3644.5755,,46.9661,26.3019,27.7002,-1.3983,3679.2841,3768.5342,3590.034,3857.7843,3500.7839
2025-05-29,3584.21,3605.55,3568.28,3586.92,1062990,RELIANCE,3678.0185,3653.2842,,3692.3527,3642.3145,,43.6813,13.8393,24.928,-11.0887,3669.6305,3758.7235,3580.5375,3847.8165,3491.4445
2025-05-30,3564.74,3590.12,3542.33,3566.22,2407328,RELIANCE,3673.225,3653.6096,,3680.34,3639.3304,,42.5258,2.2662,20.3956,-18.1294,3660.8825,3753.391,3568.374,3845.8996,3475.8654
2025-06-02,3513.19,3616.8,3500.85,3558.82,3349753,RELIANCE,3670.014,3651.9742,,3668.7667,3636.1731,,42.0971,-7.4172,14.8331,-22.2503,3650.4371,3745.848,3555.0262,3841.2589,3459.6153
2025-06-03,3571.74,3599.52,3533.69,3566.6,1368055,RELIANCE,3669.068,3652.1052,,3659.0365,3633.4448,,42.7505,-14.2988,9.0067,-23.3055,3652.9696,3749.3512,3556.588,3845.7327,3460.2065
2025-06-04,3706.3,3719.36,3607.37,3663.37,993857,RELIANCE,3674.388,3652.6984,,3659.4493,3634.6183,,50.2686,-11.8078,4.8438,-16.6516,3657.7743,3750.5102,3565.0384,3843.2462,3472.3024
2025-06-05,3669.14,3677.97,3517.34,3597.65,1323612,RELIANCE,3670.9525,3651.417,,3653.5636,3633.1686,,45.8636,-14.9643,0.8822,-15.8465,3654.5649,3748.8732,3560.2566,3843.1814,3465.9484
2025-06-06,3622.08,3636.78,3571.9,3604.34,604424,RELIANCE,3669.663,3649.9658,,3648.8756,3632.038,,46.3787,-16.7331,-2.6409,-14.0922,3654.3748,3749.4439,3559.3057,3844.513,3464.2366
2025-06-09,3560.98,3581.01,3496.09,3538.55,871924,RELIANCE,3666.366,3647.9042,,3638.3684,3628.3718,,42.133,-23.1764,-6.748,-16.4284,3652.868,3751.3968,3554.3392,3849.9257,3455.8103
2025-06-10,3442.09,3450.74,3407.98,3429.36,2146803,RELIANCE,3659.457,3643.666,,3618.4629,3620.5675,,36.2085,-36.6708,-12.7325,-23.9383,3638.0704,3748.0707,3528.0701,3858.0711,3418.0697
2025-06-11,3442.38,3568.0,3396.12,3482.06,954307,RELIANCE,3650.753,3640.5254,,3605.4721,3615.1358,,40.5533,-42.6214,-18.7103,-23.9111,3632.0673,3749.012,3515.1226,3865.9567,3398.1779
2025-06-12,3375.23,3486.06,3332.42,3409.24,1097310,RELIANCE,3634.0585,3636.0708,,3586.7834,3607.0615,,36.8214,-52.6069,-25.4896,-27.1173,3614.3167,3740.8218,3487.8116,3867.3269,3361.3065
2025-06-13,3426.33,3508.06,3418.65,3463.35,1152057,RELIANCE,3619.436,3632.1194,,3575.0278,3601.4257,,41.1548,-55.5143,-31.4946,-24.0197,3602.5854,3731.1626,3474.0082,3859.7399,3345.4309
2025-06-16,3431.45,3555.17,3403.95,3479.56,554162,RELIANCE,3606.018,3630.4602,,3565.9356,3596.6467,,42.4287,-55.8664,-36.3689,-19.4975,3596.3184,3724.7842,3467.8526,3853.2501,3339.3867
2025-06-17,3625.05,3668.68,3515.85,3592.26,1532338,RELIANCE,3602.744,3632.476,,3568.4427,3596.4746,,50.459,-46.5153,-38.3982,-8.1171,3589.9323,3717.8438,3462.0208,3845.7553,3334.1093
2025-06-18,3523.4,3566.64,3510.9,3538.77,792810,RELIANCE,3596.389,3633.7132,,3565.6167,3594.2117,,47.101,-42.9259,-39.3037,-3.6222,3581.9336,3709.7011,3454.1661,3837.4686,3326.3986
2025-06-19,3607.96,3636.63,3526.49,3581.56,1180093,RELIANCE,3584.285,3635.2424,,3567.1351,3593.7156,,49.9694,-36.2111,-38.6852,2.4741,3577.1421,3693.176,3461.1082,3809.2098,3345.0744
2025-06-20,3591.3,3611.79,3573.4,3592.59,868777,RELIANCE,3570.021,3637.3164,,3569.5594,3593.6714,,50.7113,-29.6576,-36.8797,7.2221,3570.9565,3664.3204,3477.5926,3757.6843,3384.2287
2025-06-23,3532.42,3543.38,3449.68,3496.53,514899,RELIANCE,3554.3945,3636.854,,3562.6042,3589.862,,44.5194,-31.848,-35.8734,4.0254,3555.0837,3630.8243,3479.3431,3706.5648,3403.6026
2025-06-24,3436.52,3454.36,3411.42,3432.89,2245456,RELIANCE,3541.247,3633.9946,,3550.2505,3583.7062,,40.9519,-38.2779,-36.3543,-1.9236,3535.9438,3608.5986,3463.289,3681.2535,3390.6341
2025-06-25,3377.71,3423.85,3313.68,3368.76,2130150,RELIANCE,3527.47,3628.9218,,3532.9657,3575.2769,,37.6755,-47.9952,-38.6825,-9.3127,3519.2676,3597.2794,3441.2558,3675.2912,3363.244
2025-06-26,3325.04,3368.86,3290.66,3329.76,3292804,RELIANCE,3514.612,3621.9776,,3513.6128,3565.6488,,35.7998,-58.1725,-42.5805,-15.592,3495.5814,3583.8037,3407.3591,3672.026,3319.1368
2025-06-27,3359.2,3412.62,3283.18,3347.9,568360,RELIANCE,3503.696,3614.0268,,3497.8306,3557.1096,,37.3619,-64.0363,-46.8716,-17.1647,3486.3593,3581.124,3391.5946,3675.8888,3296.8298
2025-06-30,3348.13,3357.92,3232.62,3295.27,728614,RELIANCE,3490.5185,3604.965,,3478.5391,3546.8414,,34.7221,-72.099,-51.9171,-20.1819,3471.0321,3575.5502,3366.514,3680.0683,3261.9959
2025-07-01,3361.86,3367.55,3321.31,3344.43,1197307,RELIANCE,3479.41,3598.7226,,3465.7668,3538.9037,,39.0537,-73.6727,-56.2682,-17.4045,3459.6249,3567.3873,3351.8625,3675.1497,3244.1001
2025-07-02,3411.71,3463.23,3382.85,3423.04,2365755,RELIANCE,3467.3935,3593.9062,,3461.6976,3534.36,,45.3039,-67.7953,-58.5736,-9.2217,3448.5598,3547.7916,3349.328,3647.0233,3250.0963
2025-07-03,3416.07,3418.75,3375.78,3397.26,2024660,RELIANCE,3457.374,3588.0184,,3455.5607,3528.9836,,43.7204,-64.4743,-59.7538,-4.7205,3437.3307,3532.7619,3341.8995,3628.193,3246.4684
2025-07-04,3422.5,3440.14,3402.75,3421.44,1793128,RELIANCE,3448.229,3582.463,,3452.3111,3524.7662,,45.6396,-59.2088,-59.6448,0.436,3432.71,3521.8742,3343.5458,3611.0384,3254.3816
2025-07-07,3461.75,3561.3,3412.34,3486.82,1519406,RELIANCE,3445.6425,3577.4124,,3455.5977,3523.2781,,50.55,-49.1932,-57.5545,8.3613,3432.3587,3519.4921,3345.2253,3606.6256,3258.0918
2025-07-08,3560.16,3587.91,3524.27,3556.09,1750916,RELIANCE,3451.979,3574.4162,,3465.1684,3524.5648,,55.1704,-35.2597,-53.0955,17.8358,3440.2516,3530.6841,3349.8191,3621.1166,3259.3866
2025-07-09,3682.61,3741.55,3610.08,3675.82,712285,RELIANCE,3461.667,3571.6454,,3485.2304,3530.4964,,61.8122,-14.3903,-45.3545,30.9642,3444.8157,3548.1047,3341.5267,3651.3937,3238.2377
2025-07-10,3701.98,3740.82,3690.45,3715.64,832711,RELIANCE,3476.987,3570.3264,,3507.1742,3537.7569,,63.7364,5.3009,-35.2234,40.5243,3454.3468,3571.2726,3337.421,3688.1984,3220.4952
2025-07-11,3759.6,3817.88,3669.59,3743.74,1057993,RELIANCE,3491.0065,3571.9594,,3529.7043,3545.8347,,65.0739,22.9097,-23.5968,46.5065,3465.0398,3596.1885,3333.8911,3727.3372,3202.7424
2025-07-14,3758.14,3886.33,3724.41,3805.37,1107445,RELIANCE,3507.297,3575.606,,3555.9581,3556.0126,,67.8726,41.361,-10.6052,51.9662,3478.1123,3626.8235,3329.4011,3775.5346,3180.69
2025-07-15,3897.09,3916.63,3833.54,3875.09,824470,RELIANCE,3521.4385,3581.3974,,3586.3517,3568.5254,,70.7301,60.9076,3.6973,57.2103,3483.6516,3652.8969,3314.4063,3822.1422,3145.161
2025-07-16,3864.13,3867.67,3686.83,3777.25,1096838,RELIANCE,3533.3625,3585.803,,3604.5324,3576.7107,,62.3494,67.7228,16.5024,51.2204,3493.6592,3672.3284,3314.99,3850.9976,3136.3208
2025-07-17,3741.91,3816.89,3668.13,3742.51,1633734,RELIANCE,3541.41,3587.326,,3617.6732,3583.2126,,59.6469,69.5193,27.1058,42.4135,3504.3727,3688.8571,3319.8883,3873.3415,3135.4039
2025-07-18,3687.31,3795.47,3654.07,3724.77,1400282,RELIANCE,3548.019,3589.2188,,3627.8729,3588.7639,,58.2582,68.7194,35.4285,33.2909,3512.4281,3701.1611,3323.6951,3889.8942,3134.962
2025-07-21,3640.51,3662.12,3611.38,3636.75,887187,RELIANCE,3555.03,3589.864,,3628.7183,3590.6457,,51.8127,60.2881,40.4004,19.8877,3516.49,3705.8132,3327.1668,3895.1364,3137.8436
2025-07-22,3635.51,3725.12,3577.14,3651.13,1227213,RELIANCE,3565.942,3591.5358,,3630.8528,3593.0176,,52.7328,54.1424,43.1488,10.9936,3529.0277,3717.2266,3340.8288,3905.4255,3152.6299
2025-07-23,3681.8,3722.44,3610.87,3666.65,686785,RELIANCE,3580.8365,3591.746,,3634.262,3595.9052,,53.759,49.9485,44.5088,5.4397,3545.3489,3728.8506,3361.8472,3912.3522,3178.3456
2025-07-24,3702.02,3730.3,3671.81,3701.06,568474,RELIANCE,3599.4015,3590.9046,,3640.6237,3600.0289,,56.0379,48.8383,45.3747,3.4636,3578.6387,3754.0037,3403.2737,3929.3687,3227.9087
2025-07-25,3718.31,3779.39,3699.94,3739.67,1423812,RELIANCE,3618.99,3590.582,,3650.0567,3605.505,,58.5088,50.492,46.3981,4.0939,3593.1488,3760.6462,3425.6514,3928.1436,3258.154
2025-07-28,3708.51,3776.61,3693.24,3734.93,632558,RELIANCE,3640.973,3590.3222,,3658.1399,3610.5805,,58.0773,50.8342,47.2854,3.5488,3605.5451,3756.3385,3454.7517,3907.132,3303.9582
2025-07-29,3735.69,3750.56,3711.74,3731.15,1036106,RELIANCE,3660.309,3591.7904,,3665.0932,3615.3087,,57.7117,50.2213,47.8725,2.3488,3623.5575,3758.2602,3488.8548,3892.9629,3354.1521
2025-07-30,3610.98,3776.67,3610.76,3693.71,447448,RELIANCE,3673.8425,3592.3472,,3667.8186,3618.3833,,54.0805,46.1822,47.5345,-1.3523,3645.8738,3768.5432,3523.2044,3891.2127,3400.5349
2025-07-31,3660.21,3723.49,3639.02,3681.25,1374334,RELIANCE,3688.042,3589.4994,,3669.0978,3620.8486,,52.8878,41.4974,46.3271,-4.8297,3670.9487,3774.9312,3566.9662,3878.9136,3462.9838
2025-08-01,3726.41,3757.87,3661.94,3709.91,2867396,RELIANCE,3702.4655,3586.1402,,3672.9847,3624.3412,,55.3281,39.6404,44.9897,-5.3493,3695.1655,3778.0978,3612.2332,3861.0301,3529.3009
2025-08-04,3784.06,3785.51,3629.94,3707.72,1442555,RELIANCE,3713.5105,3584.1134,,3676.2928,3627.611,,55.0933,37.559,43.5036,-5.9446,3709.71,3775.3096,3644.1104,3840.9091,3578.5109
2025-08-05,3718.74,3814.21,3642.58,3728.39,1482284,RELIANCE,3722.1255,3584.7644,,3681.2544,3631.5631,,56.9505,37.1491,42.2327,-5.0836,3722.755,3776.9082,3668.6018,3831.0614,3614.4486
2025-08-06,3784.44,3824.49,3764.21,3794.35,1186700,RELIANCE,3728.052,3587.7654,,3692.0255,3637.9469,,62.3077,41.6664,42.1194,-0.453,3727.8547,3783.1474,3672.562,3838.4401,3617.2693
2025-08-07,3791.78,3818.77,3738.42,3778.6,1250224,RELIANCE,3731.2,3591.599,,3700.2706,3643.4627,,60.3757,43.4743,42.3904,1.0839,3730.9694,3787.3006,3674.6382,3843.6317,3618.3071
2025-08-08,3844.4,3874.5,3691.57,3783.03,942907,RELIANCE,3733.1645,3595.9352,,3708.1525,3648.9359,,60.7444,44.7488,42.8621,1.8867,3732.4824,3789.9478,3675.017,3847.4132,3617.5516
2025-08-11,3803.92,3878.08,3715.23,3796.65,1657970,RELIANCE,3732.7285,3600.6918,,3716.5808,3654.7287,,61.9177,46.3238,43.5544,2.7694,3733.5491,3790.4685,3676.6297,3847.3879,3619.7103
2025-08-12,3936.02,3943.51,3855.25,3899.38,957074,RELIANCE,3733.943,3607.3474,,3733.9903,3664.3228,,69.357,55.2249,45.8885,9.3364,3735.2853,3795.5627,3675.0079,3855.8401,3614.7305
2025-08-13,3780.1,3933.75,3746.02,3839.89,1067350,RELIANCE,3737.075,3610.8778,,3744.076,3671.2078,,61.8251,56.8237,48.0756,8.7481,3737.9999,3802.1487,3673.8511,3866.2975,3609.7023
2025-08-14,3816.94,3869.7,3792.12,3830.91,732002,RELIANCE,3741.495,3615.543,,3752.3459,3677.4706,,60.7526,56.7124,49.8029,6.9095,3740.6058,3808.1067,3673.1049,3875.6075,3605.6041
2025-08-15,3756.39,3831.37,3732.56,3781.96,2459466,RELIANCE,3744.3545,3619.0954,,3755.1663,3681.5683,,55.1376,52.074,50.2571,1.8169,3745.698,3813.6629,3677.7331,3881.6278,3609.7682
2025-08-18,3863.22,3927.02,3843.83,3885.42,1391194,RELIANCE,3756.788,3626.0328,3463.6368,3767.5714,3689.5625,3469.7496,62.935,56.0998,51.4257,4.6741,3757.4176,3827.3781,3687.4571,3897.3386,3617.4966
2025-08-19,3880.46,3965.38,3851.57,3908.47,1179698,RELIANCE,3769.655,3635.615,3468.9844,3780.9903,3698.1471,3474.115,64.4188,60.4533,53.2312,7.2221,3769.8695,3842.9694,3696.7696,3916.0692,3623.6698
2025-08-20,3903.25,3939.25,3836.35,3887.8,661570,RELIANCE,3780.7125,3643.7298,3474.3452,3791.1626,3705.5844,3478.2313,62.0211,61.5264,54.8902,6.6362,3775.8832,3849.3075,3702.4589,3922.7319,3629.0345
2025-08-21,3762.16,3939.57,3748.48,3844.03,501366,RELIANCE,3787.861,3652.4256,3479.4936,3796.1976,3711.0137,3481.871,57.1686,58.1743,55.5471,2.6272,3778.9893,3851.1999,3706.7787,3923.4105,3634.5681
2025-08-22,3913.22,4000.26,3858.78,3929.52,1125349,RELIANCE,3797.3535,3661.749,3484.5776,3808.895,3719.5825,3486.3253,63.2212,61.7048,56.7786,4.9262,3788.2282,3866.032,3710.4244,3943.8358,3632.6206
2025-08-25,3941.63,3971.64,3906.93,3939.28,862656,RELIANCE,3807.571,3670.9434,3489.6394,3821.3126,3728.1981,3490.8323,63.8493,64.5463,58.3321,6.2142,3794.8889,3877.3427,3712.4351,3959.7964,3629.9814
2025-08-26,3944.67,3983.63,3914.12,3948.87,2060391,RELIANCE,3818.457,3678.0756,3494.7459,3833.4609,3736.8519,3495.3899,64.491,66.8019,60.0261,6.7758,3809.8328,3895.9568,3723.7088,3982.0807,3637.5849
2025-08-27,3958.77,4052.7,3868.88,3960.79,1113424,RELIANCE,3831.811,3686.516,3499.924,3845.5875,3745.6338,3500.0207,65.3151,68.7588,61.7726,6.9862,3818.1941,3904.6628,3731.7254,3991.1315,3645.2567
2025-08-28,3959.13,3986.94,3941.26,3964.1,2035132,RELIANCE,3845.9535,3694.1668,3504.7658,3856.8744,3754.2011,3504.6384,65.5542,69.7724,63.3726,6.3998,3836.1778,3919.8098,3752.5458,4003.4419,3668.9137
2025-08-29,3916.36,4072.65,3903.99,3988.32,1804899,RELIANCE,3859.874,3702.0814,3509.9488,3869.393,3763.3823,3509.4512,67.3286,71.7035,65.0388,6.6647,3860.7462,3943.7095,3777.7829,4026.6729,3694.8195
2025-09-01,3949.1,4006.87,3888.82,3947.85,1070297,RELIANCE,3871.8805,3711.1078,3514.6122,3876.8651,3770.6163,3513.8133,61.6168,69.1709,65.8652,3.3057,3873.0384,3949.9804,3796.0964,4026.9223,3719.1545
2025-09-02,3842.1,3955.14,3831.28,3893.21,874574,RELIANCE,3880.1215,3720.3142,3519.0188,3878.4218,3775.4239,3517.5884,54.8509,62.0397,65.1001,-3.0604,3882.3447,3951.5466,3813.1428,4020.7485,3743.9409
2025-09-03,3935.76,3977.09,3910.95,3944.02,844193,RELIANCE,3887.605,3731.8194,3523.5513,3884.6692,3782.0355,3521.8315,59.3238,59.7988,64.0398,-4.241,3888.7082,3956.2185,3821.1979,4023.7289,3753.6875
2025-09-04,3950.21,4073.7,3908.68,3991.19,1749348,RELIANCE,3898.2345,3745.048,3528.298,3894.8141,3790.2376,3526.5018,62.9896,61.1245,63.4568,-2.3323,3901.3399,3967.5065,3835.1733,4033.6731,3769.0067
2025-09-05,4111.85,4139.45,3971.38,4055.41,995167,RELIANCE,3911.8535,3759.1982,3533.5368,3910.1089,3800.6365,3531.7645,67.3091,66.5895,64.0833,2.5062,3911.8749,3981.0453,3842.7045,4050.2157,3773.5341
2025-09-08,4074.07,4169.83,4025.59,4097.71,894621,RELIANCE,3926.9065,3775.247,3538.7015,3927.9757,3812.2865,3537.3958,69.8086,73.4867,65.964,7.5227,3926.5299,4001.7998,3851.26,4077.0698,3775.99
2025-09-09,4020.44,4180.19,3997.82,4089.0,983666,RELIANCE,3936.3875,3790.1384,3544.0391,3943.3113,3823.138,3542.8844,68.6448,77.3583,68.2429,9.1154,3934.1428,4017.293,3850.9926,4100.4433,3767.8423
2025-09-10,4079.48,4088.16,3940.72,4014.44,959652,RELIANCE,3945.115,3801.9664,3549.0294,3950.0855,3830.64,3547.5765,59.4999,73.5622,69.3067,4.2555,3941.4544,4023.0895,3859.8193,4104.7245,3778.1843
2025-09-11,4228.76,4258.5,4182.45,4220.48,956323,RELIANCE,3964.5935,3818.4308,3555.379,3975.8374,3845.9279,3554.2721,70.9981,86.1859,72.6826,13.5033,3955.6351,4053.4572,3857.813,4151.2792,3759.991
2025-09-12,4240.38,4286.58,4199.07,4242.83,699387,RELIANCE,3987.637,3834.8586,3561.9172,4001.2652,3861.4927,3561.1234,71.929,96.877,77.5214,19.3556,3983.2238,4089.6622,3876.7854,4196.1006,3770.347
2025-09-15,4259.87,4306.46,4203.96,4255.21,1507241,RELIANCE,4006.1265,3850.2264,3568.6306,4025.4504,3876.9326,3568.0297,72.4565,105.1368,83.0445,22.0923,4007.0889,4126.2005,3887.9773,4245.3121,3768.8657
2025-09-16,4107.28,4208.11,4015.66,4111.89,1037829,RELIANCE,4016.2975,3861.3424,3574.4684,4033.6828,3886.1466,3573.4413,58.705,98.9771,86.231,12.7461,4016.9889,4136.0077,3897.9701,4255.0265,3778.9513
2025-09-17,4175.77,4180.35,4007.94,4094.14,662597,RELIANCE,4026.6145,3869.7088,3580.4522,4039.4406,3894.3032,3578.6224,57.2557,91.6072,87.3063,4.3009,4022.996,4139.1999,3906.7921,4255.4038,3790.5882
2025-09-18,4146.6,4170.92,3981.98,4076.45,978616,RELIANCE,4038.2355,3876.925,3585.8355,4042.9653,3901.4462,3583.5759,55.7777,83.378,86.5206,-3.1426,4029.1144,4137.453,3920.7758,4245.7916,3812.4372
2025-09-19,4044.02,4096.94,3965.13,4031.04,623775,RELIANCE,4043.3115,3882.671,3590.9126,4041.8296,3906.5283,3588.0283,52.0625,72.3579,83.6881,-11.3302,4034.1016,4139.4145,3928.7887,4244.7273,3823.4759
2025-09-22,3965.86,3972.71,3923.7,3948.21,1951415,RELIANCE,4043.758,3885.5278,3595.2646,4032.9134,3908.1629,3591.6122,46.0388,56.2919,78.2088,-21.9169,4030.496,4135.3629,3925.6291,4240.2298,3820.7622
2025-09-23,3872.47,3951.4,3763.15,3857.28,1774232,RELIANCE,4039.1785,3885.1716,3599.0018,4016.1864,3906.1675,3594.2556,40.4991,35.8093,69.7289,-33.9196,4024.5786,4135.6255,3913.5317,4246.6724,3802.4848
2025-09-24,3939.09,3943.02,3859.18,3901.1,1593060,RELIANCE,4036.194,3887.6486,3602.869,4005.2258,3905.9687,3597.3088,43.9963,22.8493,60.353,-37.5037,4019.3408,4133.3675,3905.3141,4247.3942,3791.2874
2025-09-25,3915.85,3944.78,3844.65,3894.71,1374613,RELIANCE,4032.7245,3890.6926,3606.8427,3994.7005,3905.5272,3600.268,43.594,11.9253,50.6675,-38.7422,4016.8171,4134.1601,3899.4741,4251.503,3782.1312
2025-09-26,3829.59,3899.81,3776.85,3838.33,644557,RELIANCE,4025.225,3892.9638,3610.2408,3979.8081,3902.892,3602.6368,40.1084,-1.2669,40.2806,-41.5475,4013.9486,4138.8297,3889.0675,4263.7108,3764.1864
2025-09-29,3797.43,3817.79,3638.3,3728.04,893988,RELIANCE,4014.2345,3894.7896,3613.1153,3955.8302,3896.0351,3603.8846,34.3265,-20.3862,28.1472,-48.5334,4005.546,4146.263,3864.829,4286.98,3724.112
2025-09-30,3756.98,3784.01,3625.19,3704.6,2094769,RELIANCE,4004.804,3895.859,3615.756,3931.9035,3888.5278,3604.8867,33.23,-37.0033,15.1171,-52.1204,3982.6266,4137.4902,3827.763,4292.3538,3672.8994
2025-10-01,3718.87,3803.8,3708.21,3756.01,371737,RELIANCE,3995.4035,3897.6462,3618.5306,3915.1517,3883.3311,3606.3904,37.914,-45.4996,2.9938,-48.4934,3980.3559,4144.53,3816.1818,4308.7042,3652.0076
2025-10-02,3684.21,3754.63,3683.56,3719.1,731772,RELIANCE,3981.799,3898.007,3620.9326,3896.4801,3876.8906,3607.5119,35.9634,-54.5822,-8.5214,-46.0608,3970.6852,4146.1148,3795.2556,4321.5445,3619.8259
2025-10-03,3686.17,3765.35,3668.56,3716.95,2086757,RELIANCE,3964.876,3897.5526,3623.6402,3879.382,3870.6184,3608.6009,35.8477,-61.2476,-19.0667,-42.1809,3943.7886,4127.8555,3759.7217,4311.9224,3575.6548
2025-10-06,3715.84,3770.45,3707.48,3738.96,1836975,RELIANCE,3946.9385,3897.6332,3626.5438,3866.0085,3865.4554,3609.898,38.045,-64.016,-28.0565,-35.9595,3922.16,4110.0413,3734.2787,4297.9225,3546.3975
2025-10-07,3887.25,3933.39,3744.19,3838.79,1191103,RELIANCE,3934.428,3899.786,3630.0782,3863.4163,3864.4097,3612.1755,46.9248,-57.4919,-33.9436,-23.5483,3911.1706,4097.4176,3724.9236,4283.6647,3538.6765
2025-10-08,3858.87,3889.33,3710.56,3799.94,374694,RELIANCE,3923.703,3901.9106,3633.0809,3857.3709,3861.8814,3614.0438,44.2659,-54.8243,-38.1197,-16.7046,3905.1507,4092.7189,3717.5825,4280.2871,3530.0143
2025-10-09,3813.51,3813.54,3773.46,3793.5,1172099,RELIANCE,3902.354,3904.1556,3636.0761,3851.288,3859.1998,3615.8294,43.8226,-52.6233,-41.0205,-11.6028,3886.8288,4062.7799,3710.8777,4238.7311,3534.9265
2025-10-10,3737.38,3839.9,3693.5,3766.7,1425741,RELIANCE,3878.5475,3905.2914,3639.1998,3843.232,3855.5724,3617.3306,41.9403,-52.4371,-43.3038,-9.1333,3869.554,4028.3923,3710.7157,4187.2306,3551.8774
2025-10-13,3749.4,3887.3,3713.93,3800.61,1771371,RELIANCE,3855.8175,3907.1492,3642.6328,3839.1727,3853.417,3619.1543,45.1505,-48.9885,-44.4407,-4.5478,3840.951,3973.3835,3708.5185,4105.8159,3576.0861
2025-10-14,3771.39,3833.9,3760.42,3797.16,502684,RELIANCE,3840.081,3908.5246,3646.0035,3835.1715,3851.2108,3620.9255,44.8786,-46.0036,-44.7533,-1.2503,3828.3475,3946.7015,3709.9935,4065.0554,3591.6396
2025-10-15,3853.13,3895.19,3773.66,3834.42,640877,RELIANCE,3827.095,3909.326,3649.3049,3835.0999,3850.5524,3623.0498,48.4864,-40.1684,-43.8363,3.6679,3821.182,3923.3319,3719.0321,4025.4818,3616.8822
2025-10-16,3765.46,3815.88,3761.8,3788.84,772308,RELIANCE,3812.7145,3909.5308,3652.0278,3830.6942,3848.1323,3624.6995,44.6375,-38.7749,-42.824,4.0491,3809.6501,3893.4441,3725.8561,3977.238,3642.0622
2025-10-17,3772.78,3910.55,3746.29,3828.42,521306,RELIANCE,3802.5835,3910.4386,3654.7442,3830.4776,3847.3592,3626.7266,48.4633,-34.0839,-41.076,6.9921,3804.2421,3870.708,3737.7762,3937.174,3671.3102
2025-10-20,3706.09,3819.08,3687.48,3753.28,803558,RELIANCE,3792.837,3909.5712,3656.9114,3823.1255,3843.6699,3627.9858,42.4639,-36.0143,-40.0637,4.0494,3789.9856,3847.688,3732.2832,3905.3904,3674.5808
2025-10-21,3865.07,3871.61,3729.01,3800.31,1154347,RELIANCE,3789.9885,3907.5898,3659.145,3820.9526,3841.9695,3629.7005,46.8951,-33.3646,-38.7239,5.3593,3785.0913,3840.8176,3729.365,3896.5439,3673.6387
2025-10-22,3781.85,3812.8,3765.43,3789.11,1151340,RELIANCE,3784.389,3906.5742,3661.1688,3817.92,3839.8966,3631.2866,45.9868,-31.8018,-37.3394,5.5376,3776.7173,3825.9381,3727.4965,3875.1589,3678.2757
2025-10-23,3647.86,3797.08,3630.73,3713.9,1876784,RELIANCE,3775.3485,3904.234,3662.7757,3808.0133,3834.9555,3632.1087,40.3367,-36.2147,-37.1145,0.8998,3763.997,3808.2413,3719.7527,3852.4856,3675.5084
2025-10-24,3867.59,3906.54,3722.84,3814.69,730989,RELIANCE,3774.1665,3904.8886,3664.7758,3808.6492,3834.1608,3633.9254,49.3226,-31.2191,-35.9354,4.7163,3763.5059,3806.2701,3720.7417,3849.0344,3677.9774
2025-10-27,3879.93,3910.22,3829.44,3869.83,537048,RELIANCE,3781.256,3904.5768,3667.313,3814.4759,3835.5596,3636.2727,53.4529,-22.5508,-33.2585,10.7077,3767.5891,3813.9092,3721.269,3860.2293,3674.9489
2025-10-28,3898.19,3920.57,3871.82,3896.2,1063386,RELIANCE,3790.836,3904.3314,3669.8528,3822.2592,3837.9376,3638.859,55.328,-13.3988,-29.2866,15.8878,3780.5596,3829.9053,3731.2139,3879.251,3681.8682
2025-10-29,3937.77,3941.26,3847.95,3894.61,871553,RELIANCE,3797.766,3904.4676,3672.056,3829.1497,3840.1601,3641.4038,55.1836,-6.2026,-24.6698,18.4672,3785.6747,3839.4087,3731.9407,3893.1427,3678.2067
2025-10-30,3903.21,3971.74,3883.68,3927.71,777411,RELIANCE,3808.1965,3906.1412,3674.1418,3838.5364,3843.5934,3644.2526,57.6601,2.1466,-19.3065,21.4531,3793.1593,3850.9155,3735.4031,3908.6718,3677.6468
2025-10-31,3903.81,3923.35,3740.44,3831.89,1054209,RELIANCE,3813.9435,3904.1886,3675.9872,3837.9034,3843.1345,3646.1197,49.1867,1.0198,-15.2412,16.261,3803.0386,3856.8195,3749.2577,3910.6004,3695.4768
2025-11-03,3811.99,3838.11,3795.39,3816.75,911809,RELIANCE,3817.833,3901.738,3677.7378,3835.8888,3842.0998,3647.8175,47.9867,-1.0824,-12.4095,11.3271,3809.7835,3860.5868,3758.9802,3911.3901,3708.1769
2025-11-04,3879.21,3926.76,3805.52,3866.14,1064936,RELIANCE,3819.2005,3900.0834,3680.23,3838.7699,3843.0425,3649.9899,52.0927,1.2228,-9.683,10.9058,3811.1113,3862.8675,3759.3551,3914.6238,3707.5988
2025-11-05,3943.36,4000.06,3836.0,3918.03,1041497,RELIANCE,3825.105,3899.2282,3682.7596,3846.3185,3845.9832,3652.6569,56.0207,7.1544,-6.3155,13.4699,3816.9334,3872.9383,3760.9285,3928.9433,3704.9235
2025-11-06,3902.52,3940.68,3797.6,3869.14,1626047,RELIANCE,3828.887,3897.329,3685.4305,3848.4919,3846.8913,3654.811,51.718,7.82,-3.4884,11.3084,3822.4684,3878.7798,3766.157,3935.0912,3709.8456
2025-11-07,3950.48,4010.75,3838.9,3924.82,598370,RELIANCE,3836.793,3896.059,3688.6449,3855.7613,3849.9473,3657.4976,55.8747,12.6941,-0.2519,12.946,3829.6972,3887.8869,3771.5075,3946.0766,3713.3178
2025-11-10,3855.43,3953.11,3847.14,3900.12,1325833,RELIANCE,3841.7685,3895.1044,3691.8988,3859.9859,3851.9149,3659.9118,53.6674,14.3978,2.678,11.7198,3837.3125,3896.4917,3778.1333,3955.6709,3718.9541
2025-11-11,3935.15,4064.61,3926.81,3995.71,794663,RELIANCE,3851.696,3897.1544,3695.5815,3872.912,3857.5539,3663.2531,60.2173,23.1939,6.7812,16.4127,3844.8731,3912.2597,3777.4865,3979.6462,3710.1
2025-11-12,3962.18,3986.41,3835.89,3911.15,2516135,RELIANCE,3855.5325,3896.497,3698.8122,3876.5537,3859.6557,3665.7197,53.0701,23.0757,10.0401,13.0356,3853.0576,3921.5834,3784.5318,3990.1093,3716.0059
2025-11-13,3883.46,3961.63,3843.89,3902.76,970970,RELIANCE,3861.2285,3894.7284,3701.5882,3879.0496,3861.3461,3668.0783,52.4055,22.0507,12.4422,9.6085,3857.6319,3925.0479,3790.2159,3992.464,3722.7998
2025-11-14,3946.67,3961.92,3910.8,3936.36,1307990,RELIANCE,3866.6255,3892.3474,3704.6549,3884.5077,3864.2878,3670.7478,54.8444,23.6768,14.6891,8.9877,3862.9615,3931.9158,3794.0072,4000.8701,3725.0529
2025-11-17,3897.93,3918.44,3872.42,3895.43,2086862,RELIANCE,3873.733,3888.3018,3707.764,3885.5479,3865.5091,3672.9834,51.3898,21.4159,16.0345,5.3814,3869.6059,3933.3947,3805.8171,3997.1835,3742.0283
2025-11-18,3929.24,4042.82,3905.66,3974.24,1153804,RELIANCE,3882.4295,3886.0066,3711.2669,3893.9948,3869.773,3675.981,57.0055,25.6873,17.9651,7.7222,3878.1611,3943.2559,3813.0663,4008.3506,3747.9716
2025-11-19,3953.46,4036.1,3935.42,3985.76,575411,RELIANCE,3892.262,3885.433,3714.2699,3902.7343,3874.3215,3679.0634,57.7734,29.6601,20.3041,9.356,3885.3463,3950.4554,3820.2372,4015.5646,3755.128
2025-11-20,4046.02,4132.62,4043.7,4088.16,2058214,RELIANCE,3910.975,3882.7866,3717.2844,3920.3939,3882.7074,3683.134,63.939,40.6033,24.3639,16.2394,3917.3917,3982.323,3852.4604,4047.2543,3787.5291
2025-11-21,4050.84,4149.66,3995.55,4072.6,363799,RELIANCE,3923.8705,3879.382,3720.2132,3934.8897,3890.1541,3687.0093,62.4469,47.4731,28.9857,18.4874,3923.1864,3993.3862,3852.9866,4063.586,3782.7868
2025-11-24,4204.4,4208.84,4005.63,4107.24,1901924,RELIANCE,3935.741,3876.4226,3722.8936,3951.304,3898.6673,3691.1907,64.4366,55.0777,34.2041,20.8736,3938.9232,4018.8958,3858.9506,4098.8684,3778.978
2025-11-25,4082.96,4146.99,4005.83,4076.41,1683177,RELIANCE,3944.7515,3875.713,3725.4414,3963.2189,3905.6376,3695.0237,61.3225,57.9487,38.953,18.9957,3950.1387,4035.3989,3864.8785,4120.6592,3779.6182
2025-11-26,4047.3,4113.93,3980.46,4047.19,734309,RELIANCE,3952.3805,3874.774,3727.8616,3971.2161,3911.1887,3698.5278,58.4397,57.2067,42.6038,14.6029,3955.0137,4042.3523,3867.6751,4129.6908,3780.3366
2025-11-27,3987.08,4051.59,3984.3,4017.95,2246278,RELIANCE,3956.8925,3873.604,3730.3371,3975.667,3915.3754,3701.7062,55.6219,53.6409,44.8112,8.8297,3961.2633,4049.5855,3872.9411,4137.9077,3784.6189
2025-11-28,4058.06,4078.95,3884.42,3981.69,741038,RELIANCE,3964.3825,3872.617,3732.6913,3976.2406,3917.976,3704.4921,52.2569,47.3434,45.3176,2.0258,3967.1582,4050.5354,3883.781,4133.9126,3800.4038
2025-12-01,4072.54,4094.07,3963.39,4028.73,556494,RELIANCE,3974.9815,3874.2274,3735.3842,3981.2396,3922.3193,3707.7183,55.9777,45.6224,45.3786,0.2438,3973.9204,4050.7599,3897.0809,4127.5994,3820.2414
2025-12-02,3998.51,4084.41,3945.38,4014.9,5917481,RELIANCE,3982.4195,3877.3798,3737.8464,3984.4454,3925.9499,3710.7749,54.6297,42.6509,44.8331,-2.1822,3985.75,4058.5952,3912.9048,4131.4404,3840.0596
2025-12-03,3995.56,4072.69,3888.24,3980.47,713182,RELIANCE,3985.5415,3878.9672,3739.8634,3984.0667,3928.0879,3713.4584,51.3166,37.0901,43.2845,-6.1944,3987.9849,4059.2461,3916.7237,4130.5073,3845.4625
2025-12-04,3974.17,4014.8,3957.24,3986.02,1437580,RELIANCE,3991.3855,3880.7934,3741.9461,3984.2528,3930.3598,3716.1705,51.8238,32.7535,41.1783,-8.4248,3994.4,4060.1959,3928.6041,4125.9918,3862.8082
2025-12-05,3998.35,4038.52,3991.12,4014.82,3719348,RELIANCE,3995.8855,3884.3232,3744.1697,3987.1639,3933.6719,3719.1421,54.4744,31.28,39.1986,-7.9186,3997.9843,4062.0429,3933.9257,4126.1015,3869.8671
2025-12-08,3953.81,4092.94,3906.6,3999.77,1648050,RELIANCE,4000.868,3889.7578,3746.4476,3988.3645,3936.264,3721.9344,52.8383,28.5686,37.0726,-8.504,4001.9899,4061.9526,3942.0272,4121.9152,3882.0646
2025-12-09,3922.11,4021.53,3906.42,3963.98,2280882,RELIANCE,3999.2815,3894.9454,3748.8974,3986.0422,3937.3509,3724.3428,49.0646,23.2636,34.3108,-11.0472,3999.6291,4060.1526,3939.1056,4120.6762,3878.582
2025-12-10,3930.6,4095.28,3922.33,4008.81,595655,RELIANCE,4004.1645,3900.0014,3751.1909,3988.2105,3940.1532,3727.1733,53.5406,22.4183,31.9323,-9.514,4006.606,4063.4741,3949.7379,4120.3423,3892.8697
2025-12-11,4052.97,4198.23,4009.51,4103.87,1147501,RELIANCE,4014.22,3907.6968,3753.7852,3999.2257,3946.5735,3730.9216,61.3054,29.0837,31.3626,-2.2789,4013.0693,4068.8329,3957.3057,4124.5966,3901.542
2025-12-12,4115.92,4207.27,4056.37,4131.82,1847362,RELIANCE,4023.993,3915.9942,3756.4722,4011.8538,3953.8381,3734.9106,63.2502,36.2041,32.3309,3.8732,4022.6391,4081.1018,3964.1764,4139.5644,3905.7138
2025-12-15,4154.38,4263.4,4145.85,4204.63,1671027,RELIANCE,4039.453,3925.3076,3759.665,4030.2134,3963.6731,3739.5844,67.7917,47.1784,35.3004,11.878,4039.9028,4103.2565,3976.5491,4166.6103,3913.1953
2025-12-16,4252.94,4270.56,4168.03,4219.29,897605,RELIANCE,4051.7055,3932.9176,3763.0826,4048.2207,3973.6972,3744.3576,68.6322,56.4083,39.522,16.8863,4047.1359,4120.1709,3974.1009,4193.2058,3901.066
2025-12-17,4339.15,4395.26,4256.41,4325.83,1776006,RELIANCE,4068.709,3943.4354,3767.0367,4074.6597,3987.5064,3750.1434,73.9522,71.4958,45.9167,25.5791,4062.7615,4156.3348,3969.1882,4249.9081,3875.6149
2025-12-18,4222.73,4272.21,4218.51,4245.36,951386,RELIANCE,4076.569,3952.4726,3770.7722,4090.9168,3997.6183,3755.0709,64.987,76.0824,51.9499,24.1325,4066.4607,4168.0158,3964.9056,4269.5708,3863.3506
2025-12-19,4266.16,4357.21,4251.15,4304.18,821466,RELIANCE,4088.148,3963.2222,3774.9734,4111.2276,4009.6403,3760.5347,68.0372,83.5011,58.2601,25.241,4072.2599,4185.83,3958.6898,4299.4001,3845.1197
2025-12-22,4390.82,4482.35,4266.74,4374.55,1049328,RELIANCE,4101.5135,3974.701,3779.024,4136.3059,4023.9505,3766.6443,71.2627,93.9755,65.4032,28.5723,4079.9884,4210.4033,3949.5735,4340.8181,3819.1587
2025-12-23,4391.34,4413.09,4367.2,4390.14,1663347,RELIANCE,4117.2,3986.5606,3782.9808,4160.4806,4038.3109,3772.8483,71.9383,102.3546,72.7935,29.5611,4096.0894,4241.3494,3950.8294,4386.6094,3805.5694
2025-12-24,4385.42,4408.13,4324.39,4366.26,887811,RELIANCE,4133.1535,3997.1974,3786.8834,4180.0787,4051.1716,3778.7529,69.2525,105.848,79.4044,26.4436,4104.5566,4258.9568,3950.1564,4413.357,3795.7562
2025-12-25,4287.46,4491.05,4278.87,4384.96,679495,RELIANCE,4151.504,4009.1198,3790.8834,4199.5912,4064.2614,3784.7848,70.1911,108.8705,85.2976,23.5729,4116.9778,4278.6058,3955.3498,4440.2338,3793.7218
2025-12-26,4470.77,4480.15,4320.26,4400.21,1014753,RELIANCE,4172.43,4020.5556,3795.1348,4218.6977,4077.4358,3790.9084,70.9693,111.2144,90.481,20.7334,4129.3728,4294.9032,3963.8424,4460.4337,3798.3119
2025-12-29,4365.92,4383.22,4268.02,4325.62,2136212,RELIANCE,4187.2745,4032.0024,3798.5599,4228.8808,4087.1685,3796.2289,62.3896,105.8332,93.5514,12.2818,4143.8371,4309.1147,3978.5595,4474.3923,3813.2819
2025-12-30,4457.54,4457.98,4306.83,4382.41,1429221,RELIANCE,4205.65,4043.6444,3802.6717,4243.5026,4098.7466,3802.0616,65.7815,104.9413,95.8294,9.1119,4182.7543,4348.288,4017.2206,4513.8217,3851.6869
2025-12-31,4246.99,4270.62,4189.08,4229.85,1584722,RELIANCE,4218.119,4052.4592,3805.6524,4242.2024,4103.8879,3806.3182,52.17,90.8766,94.8388,-3.9622,4190.2409,4347.084,4033.3978,4503.9271,3876.5547
2026-01-01,4259.49,4342.66,4139.83,4241.25,570568,RELIANCE,4230.8805,4063.0062,3808.55,4242.1117,4109.2747,3810.6458,52.9534,79.731,91.8173,-12.0863,4201.6144,4348.656,4054.5728,4495.6977,3907.5311
2026-01-02,4249.04,4284.4,4177.97,4231.18,1230737,RELIANCE,4241.6985,4071.336,3811.3214,4241.0706,4114.0553,3814.8303,52.141,69.2868,87.3112,-18.0244,4229.8624,4367.852,4091.8728,4505.8415,3953.8833
2026-01-05,4293.06,4311.57,4185.17,4248.37,588229,RELIANCE,4254.1285,4078.9068,3814.3552,4241.7657,4119.3225,3819.1441,53.4538,61.6857,82.1861,-20.5004,4245.5771,4371.2765,4119.8777,4496.9759,3994.1783
2026-01-06,4302.92,4358.38,4269.84,4314.11,1368299,RELIANCE,4271.635,4087.265,3817.7194,4248.6557,4126.9612,3824.0691,58.1784,60.2717,77.8032,-17.5315,4276.3612,4382.3619,4170.3605,4488.3626,4064.3598
2026-01-07,4208.82,4286.1,4196.59,4241.35,1104870,RELIANCE,4283.262,4094.1998,3820.7306,4247.9599,4131.4471,3828.2212,51.8994,52.6727,72.7771,-20.1044,4281.3032,4367.9428,4194.6636,4454.5824,4108.024
2026-01-08,4171.3,4264.77,4085.69,4175.23,561786,RELIANCE,4286.83,4099.1502,3823.447,4241.0332,4133.1641,3831.674,46.9414,40.8444,66.3906,-25.5462,4287.3455,4367.4299,4207.2611,4447.5144,4127.1766
2026-01-09,4231.89,4310.97,4203.32,4257.15,398841,RELIANCE,4293.0965,4107.6554,3826.4281,4242.5682,4138.0263,3835.9076,52.9398,37.6466,60.6418,-22.9952,4299.6421,4371.4329,4227.8513,4443.2238,4156.0604
2026-01-12,4374.37,4380.02,4230.7,4305.36,825675,RELIANCE,4298.133,4117.4276,3830.1423,4248.5483,4144.5884,3840.5788,56.0863,38.558,56.225,-17.667,4307.2322,4375.9577,4238.5067,4444.6833,4169.7811
2026-01-13,4312.78,4378.75,4232.07,4305.41,1923687,RELIANCE,4302.439,4126.213,3834.212,4253.9637,4150.8951,3845.2039,56.0895,38.8367,52.7474,-13.9107,4310.5748,4376.7513,4244.3983,4442.9278,4178.2218
2026-01-14,4245.24,4335.0,4175.07,4255.03,720440,RELIANCE,4298.899,4132.953,3838.1026,4254.0653,4154.9788,3849.2818,51.8855,34.5935,49.1166,-14.5231,4307.4548,4374.2052,4240.7044,4440.9555,4173.9541
2026-01-15,4282.76,4301.15,4244.53,4272.84,753604,RELIANCE,4300.273,4141.027,3841.9413,4255.8534,4159.6008,3853.4963,53.2203,32.2956,45.7524,-13.4568,4309.0027,4374.87,4243.1354,4440.7373,4177.2681
2026-01-16,4320.76,4362.66,4302.67,4332.67,1787044,RELIANCE,4301.6975,4149.184,3846.1602,4263.1692,4166.3878,3858.2642,57.4873,34.8999,43.5819,-8.682,4311.0787,4377.3418,4244.8156,4443.6048,4178.5526
2026-01-19,4344.02,4383.78,4232.32,4308.05,1183739,RELIANCE,4298.3725,4157.3426,3850.1022,4267.4436,4171.9432,3862.7397,55.2538,34.5787,41.7813,-7.2026,4307.9473,4371.9938,4243.9008,4436.0404,4179.8542
2026-01-20,4357.62,4403.89,4339.06,4371.47,937047,RELIANCE,4297.439,4164.8578,3854.0802,4277.3509,4179.7678,3867.8017,59.6073,38.9921,41.2234,-2.2313,4304.3878,4367.1495,4241.6261,4429.9112,4178.8644
2026-01-21,4238.22,4377.39,4196.8,4287.09,1042236,RELIANCE,4293.4805,4172.3766,3857.4037,4278.2784,4183.9765,3871.9737,52.3145,35.2743,40.0336,-4.7593,4301.0475,4361.7013,4240.3937,4422.3552,4179.7398
2026-01-22,4385.54,4520.31,4376.06,4448.19,622463,RELIANCE,4296.642,4183.2852,3861.2598,4294.4605,4194.3378,3877.7072,61.899,44.8109,40.9891,3.8218,4302.6345,4369.6241,4235.6449,4436.6137,4168.6553
2026-01-23,4353.04,4405.64,4330.1,4367.87,807892,RELIANCE,4295.025,4191.9154,3864.372,4301.4518,4201.143,3882.5845,55.8696,45.3645,41.8641,3.5004,4300.4883,4365.1982,4235.7784,4429.9081,4171.0685
2026-01-26,4360.71,4382.93,4221.85,4302.39,2441888,RELIANCE,4293.8635,4200.0546,3867.1421,4301.5412,4205.1135,3886.7616,51.4681,40.0579,41.5029,-1.445,4298.2472,4362.5864,4233.908,4426.9257,4169.5687
2026-01-27,4281.71,4328.78,4238.26,4283.52,2287008,RELIANCE,4288.919,4206.2402,3870.277,4299.8249,4208.1883,3890.7095,50.2398,33.9385,39.99,-6.0515,4291.4768,4352.3603,4230.5933,4413.2439,4169.7097
2026-01-28,4218.42,4286.82,4091.75,4189.29,1675123,RELIANCE,4286.891,4210.3108,3872.9041,4289.2978,4207.4471,3893.6804,44.5252,21.2403,36.2401,-14.9998,4288.2567,4351.8278,4224.6856,4415.399,4161.1144
2026-01-29,4300.29,4319.76,4274.26,4297.01,2756253,RELIANCE,4289.679,4214.4878,3875.9309,4290.0323,4210.9594,3897.6937,51.3393,19.6427,32.9206,-13.2779,4290.2932,4352.9737,4227.6127,4415.6542,4164.9322
2026-01-30,4243.33,4331.39,4173.52,4252.46,1905873,RELIANCE,4290.743,4218.085,3878.6972,4286.4539,4212.5869,3901.2237,48.6763,14.6132,29.2591,-14.6459,4290.318,4352.1281,4228.5079,4413.9381,4166.6979
2026-02-02,4112.07,4265.69,4071.82,4168.76,1750691,RELIANCE,4286.7625,4219.3154,3880.8442,4275.245,4210.8682,3903.8857,44.053,3.8294,24.1732,-20.3438,4283.3121,4350.3382,4216.286,4417.3642,4149.26
2026-02-03,4080.55,4198.68,4041.34,4120.01,994777,RELIANCE,4277.0575,4220.1874,3882.9148,4260.4607,4207.3051,3906.0362,41.5761,-8.5521,17.6281,-26.1802,4275.5861,4351.8584,4199.3138,4428.1308,4123.0414
2026-02-04,4172.72,4291.41,4131.92,4211.66,759112,RELIANCE,4275.573,4223.4768,3884.9012,4255.813,4207.4759,3909.0772,47.5471,-10.8441,11.9337,-22.7778,4275.1769,4352.4627,4197.8911,4429.7486,4120.6052
2026-02-05,4155.87,4268.88,4075.88,4172.38,1024477,RELIANCE,4275.4305,4226.5654,3886.8552,4247.867,4206.0996,3911.6972,45.4053,-15.6497,6.417,-22.0667,4273.3285,4350.8115,4195.8455,4428.2944,4118.3626
2026-02-06,4203.83,4241.09,4162.46,4201.77,719710,RELIANCE,4272.6615,4230.967,3889.5536,4243.4768,4205.9298,3914.5835,47.3175,-16.8919,1.7552,-18.6471,4271.6551,4350.7973,4192.5129,4429.9395,4113.3707
2026-02-09,4100.87,4110.62,4055.71,4083.17,3017958,RELIANCE,4261.552,4232.0558,3891.8542,4228.2095,4201.1157,3916.2609,41.0665,-27.1336,-4.0225,-23.1111,4251.1585,4340.4177,4161.8993,4429.6769,4072.6401
2026-02-10,4063.0,4089.73,3913.23,4001.48,880890,RELIANCE,4246.3555,4231.7874,3893.934,4206.6162,4193.2868,3917.1089,37.4014,-41.3651,-11.4911,-29.874,4239.6044,4345.3529,4133.8559,4451.1014,4028.1074
2026-02-11,3970.31,4008.98,3930.21,3969.6,737902,RELIANCE,4232.084,4231.57,3895.9972,4184.0433,4184.5148,3917.6312,36.0492,-54.5869,-20.1102,-34.4767,4232.1146,4354.5716,4109.6576,4477.0285,3987.2007
2026-02-12,4015.75,4076.88,3966.32,4021.6,1286478,RELIANCE,4219.522,4232.2816,3897.7734,4168.5725,4178.126,3918.6657,39.8679,-60.1756,-28.1233,-32.0523,4221.579,4352.2462,4090.9118,4482.9135,3960.2445
2026-02-13,3967.61,4012.38,3943.56,3977.97,1164973,RELIANCE,4201.787,4231.5446,3899.5126,4150.4199,4170.2767,3919.2558,37.8269,-67.3489,-35.9684,-31.3805,4204.3513,4342.6986,4066.004,4481.0458,3927.6568
2026-02-16,4017.66,4018.95,3937.32,3978.13,976532,RELIANCE,4185.291,4231.1118,3901.3808,4134.0113,4162.7416,3919.8416,37.8395,-72.1888,-43.2125,-28.9763,4191.9846,4336.5249,4047.4443,4481.0652,3902.904
2026-02-17,4095.65,4114.89,4038.22,4076.56,651273,RELIANCE,4170.5455,4233.3634,3903.9259,4128.5397,4159.3619,3921.401,45.1808,-67.306,-48.0312,-19.2748,4183.1361,4322.6383,4043.6339,4462.1405,3904.1317
2026-02-18,4192.87,4216.1,4139.82,4177.96,1275516,RELIANCE,4165.089,4236.7464,3906.535,4133.2464,4160.0912,3923.9538,51.5314,-54.6246,-49.3499,-5.2747,4178.9918,4315.8037,4042.1799,4452.6156,3905.368
2026-02-19,4272.37,4288.16,4207.31,4247.74,1133650,RELIANCE,4155.0665,4239.6238,3909.058,4144.1506,4163.5284,3927.1756,55.3636,-38.5001,-47.1799,8.6798,4175.8188,4297.2813,4054.3563,4418.7437,3932.8939
2026-02-20,4343.1,4428.12,4327.02,4377.57,1490083,RELIANCE,4155.5515,4244.5388,3912.1669,4166.381,4171.9222,3931.6571,61.4679,-15.0713,-40.7582,25.6869,4180.8471,4303.22,4058.4742,4425.5928,3936.1014
2026-02-23,4447.01,4467.32,4391.25,4429.28,535586,RELIANCE,4161.896,4249.0318,3915.5737,4191.419,4182.0147,3936.6086,63.6029,7.5813,-31.0903,38.6716,4174.7882,4307.9857,4041.5907,4441.1832,3908.3932
2026-02-24,4433.78,4511.02,4423.5,4467.26,2309240,RELIANCE,4171.083,4253.9912,3919.6213,4217.6896,4193.2008,3941.8887,65.1311,28.2725,-19.2177,47.4902,4190.5656,4338.1527,4042.9785,4485.7397,3895.3915
2026-02-25,4499.26,4515.03,4409.09,4462.06,978621,RELIANCE,4184.7215,4256.7158,3923.6022,4240.9629,4203.7443,3947.0645,64.7304,43.7465,-6.6249,50.3714,4200.7301,4362.0524,4039.4078,4523.3748,3878.0854
2026-02-26,4589.5,4606.08,4387.85,4496.96,2735891,RELIANCE,4194.719,4261.7478,3926.9688,4265.3436,4215.2429,3952.5361,66.2321,58.1555,6.3312,51.8243,4221.433,4395.7528,4047.1132,4570.0726,3872.7934
2026-02-27,4569.21,4602.04,4399.63,4500.83,1607164,RELIANCE,4207.1375,4265.6808,3930.0836,4287.7709,4226.4424,3957.9918,66.4029,69.0906,18.8831,50.2075,4236.4121,4423.4455,4049.3787,4610.4789,3862.3453
2026-03-02,4578.58,4598.22,4528.61,4563.42,2246899,RELIANCE,4226.8705,4269.4582,3933.8554,4314.0232,4239.6572,3964.016,69.1234,81.8635,31.4792,50.3843,4268.5755,4471.4914,4065.6596,4674.4072,3862.7438
2026-03-03,4426.66,4428.07,4319.66,4373.86,926584,RELIANCE,4239.563,4269.1326,3937.2456,4319.7219,4244.9201,3968.094,54.6817,75.8163,40.3466,35.4697,4277.8484,4481.6656,4074.0312,4685.4828,3870.214
2026-03-04,4383.93,4401.74,4273.18,4337.46,830360,RELIANCE,4245.853,4268.5566,3940.7114,4321.4113,4248.5491,3971.7693,52.417,67.3108,45.7394,21.5714,4281.608,4486.4573,4076.7587,4691.3067,3871.9093
2026-03-05,4379.98,4401.66,4188.6,4295.13,1897877,RELIANCE,4251.9905,4266.76,3944.2524,4318.9083,4250.3758,3974.9868,49.8323,56.5031,47.8922,8.6109,4286.6281,4490.9985,4082.2577,4695.369,3877.8872
2026-03-06,4271.4,4286.13,4210.86,4248.5,775616,RELIANCE,4254.327,4263.7258,3947.6638,4312.2027,4250.3022,3977.7083,47.0784,43.6718,47.0481,-3.3763,4287.7751,4491.8081,4083.7421,4695.841,3879.7092
2026-03-09,4321.33,4354.16,4251.57,4302.87,1561201,RELIANCE,4265.312,4263.2708,3951.384,4311.3139,4252.3637,3980.9438,50.5125,37.4583,45.1301,-7.6718,4312.429,4512.6403,4112.2177,4712.8515,3912.0065
2026-03-10,4372.53,4373.02,4275.71,4324.37,1621712,RELIANCE,4281.4565,4262.11,3955.1729,4312.5573,4255.1875,3984.3609,51.8433,33.8785,42.8798,-9.0013,4323.3952,4514.0,4132.7904,4704.6049,3942.1855
2026-03-11,4251.25,4383.93,4228.52,4306.23,1796302,RELIANCE,4298.288,4263.6376,3958.3872,4311.9547,4257.1892,3987.5636,50.6068,29.2406,40.152,-10.9114,4331.6764,4507.5898,4155.763,4683.5033,3979.8495
2026-03-12,4431.73,4437.85,4355.46,4396.66,1955102,RELIANCE,4317.041,4266.7458,3962.3823,4320.0219,4262.6586,3991.6342,56.2135,32.4875,38.6191,-6.1316,4350.1501,4514.6353,4185.6649,4679.1205,4021.1797
2026-03-13,4389.76,4423.21,4281.69,4352.45,831484,RELIANCE,4335.765,4269.1712,3966.1228,4323.1103,4266.1798,3995.2244,53.0435,31.1344,37.1221,-5.9877,4365.6278,4509.5074,4221.7482,4653.387,4077.8686
2026-03-16,4366.53,4530.69,4344.01,4437.35,1522562,RELIANCE,4358.726,4272.9508,3970.6168,4333.9903,4272.8924,3999.6237,57.9479,36.4921,36.9961,-0.504,4382.6277,4500.7715,4264.4839,4618.9152,4146.3402
2026-03-17,4451.83,4481.5,4346.8,4414.15,804300,RELIANCE,4375.6055,4274.9516,3975.5408,4341.6245,4278.4319,4003.7483,56.2199,38.4232,37.2815,1.1417,4390.4197,4488.5483,4292.2911,4586.6769,4194.1625
2026-03-18,4457.61,4607.61,4407.94,4507.78,1399856,RELIANCE,4392.0965,4280.2802,3980.6694,4357.4489,4287.426,4008.7636,61.243,46.9673,39.2187,7.7486,4405.45,4496.0393,4314.8607,4586.6287,4224.2713
2026-03-19,4575.57,4729.49,4516.95,4623.22,1021762,RELIANCE,4410.8705,4289.24,3986.7392,4382.7604,4300.5943,4014.8776,66.3667,62.3351,43.842,18.4931,4419.3608,4517.0853,4321.6363,4614.8098,4223.9118
2026-03-20,4631.25,4659.6,4512.4,4586.0,1158176,RELIANCE,4421.292,4295.817,3992.3525,4402.1166,4311.7867,4020.5604,63.454,70.6959,49.2128,21.4831,4428.3125,4533.1535,4323.4715,4637.9945,4218.6305
2026-03-23,4553.97,4659.51,4535.11,4597.31,1802194,RELIANCE,4429.6935,4301.656,3997.9412,4420.7064,4322.9837,4026.2992,63.9714,77.3429,54.8388,22.5041,4438.5212,4550.524,4326.5184,4662.5269,4214.5155
2026-03-24,4652.19,4727.5,4607.49,4667.5,679766,RELIANCE,4439.7055,4308.8978,4003.3174,4444.2106,4336.4942,4032.6793,67.0861,87.2685,61.3247,25.9438,4441.6926,4565.5522,4317.833,4689.4117,4193.9735
2026-03-25,4631.43,4757.6,4625.97,4691.79,1597920,RELIANCE,4451.192,4317.633,4009.0826,4467.7896,4350.4273,4039.2376,68.1134,95.9881,68.2574,27.7307,4454.8891,4590.9791,4318.7991,4727.0692,4182.709
2026-03-26,4755.91,4756.89,4706.0,4731.45,1585916,RELIANCE,4462.9165,4326.8052,4014.832,4492.9001,4365.3694,4046.1253,69.7724,104.8896,75.5838,29.3058,4466.5999,4616.2642,4316.9356,4765.9285,4167.2713
2026-03-27,4730.02,4757.71,4646.22,4701.97,1078115,RELIANCE,4472.9735,4334.1912,4020.3789,4512.8115,4378.5694,4052.6511,66.9827,108.3167,82.1304,26.1863,4473.935,4632.7586,4315.1114,4791.5822,4156.2878
2026-03-30,4749.57,4751.35,4700.46,4725.9,3223212,RELIANCE,4481.0975,4342.5482,4026.5258,4533.1056,4392.1902,4059.3501,68.0977,111.6763,88.0396,23.6367,4495.7052,4663.3118,4328.0986,4830.9184,4160.492
2026-03-31,4727.58,4734.59,4642.6,4688.59,1924539,RELIANCE,4496.834,4348.8906,4032.8042,4547.9137,4403.8137,4065.6112,64.4435,110.0596,92.4436,17.616,4512.3599,4684.0927,4340.6271,4855.8255,4168.8943
2026-04-01,4701.97,4776.78,4640.45,4708.61,681999,RELIANCE,4515.3915,4357.321,4039.5035,4563.2181,4415.7665,4072.0092,65.5129,109.1356,95.782,13.3536,4522.0099,4695.6573,4348.3625,4869.3046,4174.7152
2026-04-02,4672.32,4781.85,4575.0,4678.43,1688967,RELIANCE,4534.5565,4361.9258,4046.2468,4574.1906,4426.0671,4078.0432,62.463,104.7605,97.5777,7.1828,4546.209,4715.3609,4377.0571,4884.5129,4207.9051
2026-04-03,4655.59,4777.17,4608.33,4692.75,1327279,RELIANCE,4556.769,4368.4234,4052.9711,4585.482,4436.5252,4084.1597,63.3352,101.2812,98.3184,2.9628,4560.7468,4719.1871,4402.3065,4877.6274,4243.8662
2026-04-06,4600.07,4732.82,4580.5,4656.66,1179751,RELIANCE,4574.4585,4375.5088,4059.778,4592.2609,4445.158,4089.8562,59.5779,94.5221,97.5591,-3.037,4578.6049,4726.6123,4430.5975,4874.6196,4282.5902
