,RELIANCE_rsi_dma_crossover,RELIANCE_macd_crossover,RELIANCE_vwap_reversion,TCS_rsi_dma_crossover,TCS_macd_crossover,TCS_vwap_reversion,INFY_rsi_dma_crossover,INFY_macd_crossover,INFY_vwap_reversion
2024-11-12,100000.0,100000.0,100000.0,100000.0,100000.0,100000.0,100000.0,100000.0,100000.0
2024-11-13,100000.0,100000.0,100000.0,100000.0,100000.0,100000.0,100000.0,100000.0,100000.0
2024-11-14,100000.0,100000.0,100000.0,100000.0,100000.0,100000.0,100000.0,100000.0,100000.0
2024-11-15,100000.0,100000.0,100000.0,100000.0,100000.0,100000.0,100000.0,100000.0,100000.0
2024-11-18,100000.0,100000.0,100000.0,100000.0,100000.0,100000.0,100000.0,100000.0,100000.0
2024-11-19,100000.0,100000.0,100000.0,100000.0,100000.0,100000.0,100000.0,100000.0,100000.0
2024-11-20,100000.0,100000.0,100000.0,100000.0,100000.0,100000.0,100000.0,100000.0,100000.0
2024-11-21,100000.0,100000.0,100000.0,100000.0,100000.0,100000.0,100000.0,100000.0,100000.0
2024-11-22,100000.0,100000.0,100000.0,100000.0,100000.0,100000.0,100000.0,100000.0,100000.0
2024-11-25,100000.0,100000.0,100000.0,100000.0,100000.0,100000.0,100000.0,100000.0,100000.0
2024-11-26,100000.0,100000.0,100000.0,100000.0,100000.0,100000.0,100000.0,100000.0,100000.0
2024-11-27,100000.0,100000.0,100000.0,100000.0,100000.0,100000.0,100000.0,100000.0,100000.0
2024-11-28,100000.0,100000.0,100000.0,100000.0,100000.0,100000.0,100000.0,100000.0,100000.0
2024-11-29,100000.0,100000.0,100000.0,100000.0,100000.0,100000.0,100000.0,100000.0,100000.0
2024-12-02,100000.0,100000.0,100000.0,100000.0,100000.0,100000.0,100000.0,100000.0,100000.0
2024-12-03,100000.0,100000.0,100000.0,100000.0,100000.0,100000.0,100000.0,100000.0,100000.0
2024-12-04,100000.0,100000.0,100000.0,100000.0,100000.0,100000.0,100000.0,100000.0,100000.0
2024-12-05,100000.0,100000.0,100000.0,100000.0,100000.0,100000.0,100000.0,100000.0,100000.0
2024-12-06,100000.0,100000.0,100000.0,100000.0,100000.0,100000.0,100000.0,100000.0,100000.0
2024-12-09,100000.0,100000.0,100000.0,100000.0,100000.0,100000.0,100000.0,100000.0,100000.0
2024-12-10,100000.0,100000.0,100000.0,100000.0,100000.0,100000.0,100000.0,100000.0,100000.0
2024-12-11,100000.0,100000.0,100000.0,100000.0,100000.0,100000.0,100000.0,100000.0,100000.0
2024-12-12,100000.0,100000.0,100000.0,100000.0,100000.0,100000.0,100000.0,100000.0,100000.0
2024-12-13,100000.0,100000.0,100000.0,100000.0,100000.0,100000.0,100000.0,100000.0,100000.0
2024-12-16,100000.0,100000.0,100000.0,100000.0,100000.0,100000.0,100000.0,100000.0,100000.0
2024-12-17,100000.0,100000.0,100000.0,100000.0,100000.0,100000.0,100000.0,100000.0,100000.0
2024-12-18,100000.0,100000.0,100000.0,100000.0,100000.0,100000.0,100000.0,100000.0,100000.0
2024-12-19,100000.0,100000.0,100000.0,100000.0,100000.0,100000.0,100000.0,100000.0,100000.0
2024-12-20,100000.0,100000.0,100000.0,100000.0,100000.0,100000.0,100000.0,100000.0,100000.0
2024-12-23,100000.0,100000.0,100000.0,100000.0,100000.0,100000.0,100000.0,100000.0,100000.0
2024-12-24,100000.0,100000.0,100000.0,100000.0,100000.0,100000.0,100000.0,100000.0,100000.0
2024-12-25,100000.0,100000.0,100000.0,100000.0,100000.0,100000.0,100000.0,100000.0,100000.0
2024-12-26,100000.0,100000.0,100000.0,100000.0,100000.0,100000.0,100000.0,100000.0,100000.0
2024-12-27,100000.0,100000.0,100000.0,100000.0,100000.0,100000.0,100000.0,100000.0,100000.0
2024-12-30,100000.0,100000.0,100000.0,100000.0,100000.0,100000.0,100000.0,100000.0,100000.0
2024-12-31,100000.0,100000.0,100000.0,100000.0,100000.0,100000.0,100000.0,100000.0,100000.0
2025-01-01,100000.0,100000.0,100000.0,100000.0,100000.0,100000.0,100000.0,100000.0,100000.0
2025-01-02,100000.0,100000.0,100000.0,100000.0,100000.0,100000.0,100000.0,100000.0,100000.0
2025-01-03,100000.0,100000.0,100000.0,100000.0,100000.0,100000.0,100000.0,100000.0,100000.0
2025-01-06,100000.0,100000.0,100000.0,100000.0,100000.0,100000.0,100000.0,100000.0,100000.0
2025-01-07,100000.0,100000.0,100000.0,100000.0,100000.0,100000.0,100000.0,100000.0,100000.0
2025-01-08,100000.0,100000.0,100000.0,100000.0,100000.0,100000.0,100000.0,100000.0,100000.0
2025-01-09,100000.0,100000.0,100000.0,100000.0,100000.0,100000.0,100000.0,100000.0,100000.0
2025-01-10,100000.0,100000.0,100000.0,100000.0,100000.0,100000.0,100000.0,100000.0,100000.0
2025-01-13,100000.0,100000.0,100000.0,100000.0,100000.0,100000.0,100000.0,100000.0,100000.0
2025-01-14,100000.0,100000.0,100000.0,100000.0,100000.0,100000.0,100000.0,100000.0,100000.0
2025-01-15,100000.0,100000.0,100000.0,100000.0,100000.0,100000.0,100000.0,100000.0,100000.0
2025-01-16,100000.0,100000.0,100000.0,100000.0,99246.26,100000.0,100000.0,100000.0,100000.0
2025-01-17,100000.0,100000.0,100000.0,100000.0,100943.3,100000.0,100000.0,100000.0,100000.0
2025-01-20,100000.0,100000.0,100000.0,100000.0,98842.82,100000.0,100000.0,100000.0,100000.0
2025-01-21,100000.0,100000.0,100000.0,100000.0,98287.22,100000.0,100000.0,100000.0,100000.0
2025-01-22,100000.0,100000.0,100000.0,100000.0,98417.06,100000.0,100000.0,100000.0,100000.0
2025-01-23,100000.0,100000.0,100000.0,100000.0,95647.94,100000.0,100000.0,100000.0,100000.0
2025-01-24,100000.0,100000.0,100000.0,100000.0,94694.66,100000.0,100000.0,100000.0,100000.0
2025-01-27,100000.0,100000.0,100000.0,100000.0,96072.98,100000.0,100000.0,100000.0,100000.0
2025-01-28,100000.0,100000.0,100000.0,100000.0,95791.48,100000.0,100000.0,100000.0,100000.0
2025-01-29,100000.0,100000.0,100000.0,100000.0,95791.48,100000.0,100000.0,100000.0,100000.0
2025-01-30,100000.0,100000.0,100000.0,100000.0,95791.48,100000.0,100000.0,100000.0,100000.0
2025-01-31,100000.0,100000.0,100000.0,100000.0,95791.48,100000.0,100000.0,100000.0,100000.0
2025-02-03,100000.0,100000.0,100000.0,100000.0,95791.48,100000.0,100000.0,100000.0,100000.0
2025-02-04,100000.0,100000.0,100000.0,100000.0,95791.48,100000.0,100000.0,100000.0,100000.0
2025-02-05,100000.0,100000.0,100000.0,100000.0,95791.48,100000.0,100000.0,100669.87,100000.0
2025-02-06,100000.0,100000.0,100000.0,100000.0,95791.48,100000.0,100000.0,98904.73,100000.0
2025-02-07,100000.0,100000.0,100000.0,100000.0,95791.48,100000.0,100000.0,99806.83,100000.0
2025-02-10,100000.0,100000.0,100000.0,100000.0,95791.48,100000.0,100000.0,98605.27,100000.0
2025-02-11,100000.0,100000.0,100000.0,100000.0,95791.48,100000.0,100000.0,98783.83,100000.0
2025-02-12,100000.0,100000.0,100000.0,100000.0,95791.48,100000.0,100000.0,100550.21,100000.0
2025-02-13,100000.0,100000.0,100000.0,100000.0,95791.48,100000.0,100000.0,100558.89,100000.0
2025-02-14,100000.0,100000.0,100000.0,100000.0,96133.72,100000.0,100000.0,100260.05,100000.0
2025-02-17,100000.0,100000.0,100000.0,100000.0,97361.47,100000.0,100000.0,101459.75,100000.0
2025-02-18,100000.0,100000.0,100000.0,100000.0,97229.97,100000.0,100000.0,101645.13,100000.0
2025-02-19,100000.0,100000.0,100000.0,100000.0,98405.22,100000.0,100000.0,101821.83,100000.0
2025-02-20,100000.0,100000.0,100000.0,100000.0,97871.47,100000.0,100000.0,102015.89,100000.0
2025-02-21,100000.0,100000.0,100000.0,100000.0,97729.72,100000.0,100000.0,102914.27,100000.0
2025-02-24,100000.0,100000.0,100000.0,100000.0,97934.22,100000.0,100000.0,103257.13,100000.0
2025-02-25,100000.0,100000.0,100000.0,100000.0,97235.72,100000.0,100000.0,105773.71,100000.0
2025-02-26,100000.0,100000.0,100000.0,100000.0,96272.22,100000.0,100000.0,103771.11,100000.0
2025-02-27,100000.0,100000.0,100000.0,100000.0,97517.22,100000.0,100000.0,101496.33,100000.0
2025-02-28,100000.0,100000.0,100000.0,100000.0,95309.72,100000.0,100000.0,102040.07,100000.0
2025-03-03,100000.0,100000.0,100000.0,100000.0,94653.22,100000.0,100000.0,99462.11,100000.0
2025-03-04,100000.0,100000.0,100000.0,100000.0,94291.22,100000.0,100000.0,102266.6,100000.0
2025-03-05,100000.0,100000.0,100000.0,100000.0,93590.62,100000.0,100000.0,102266.6,100000.0
2025-03-06,100000.0,100000.0,100000.0,100000.0,93590.62,100000.0,100000.0,102266.6,100000.0
2025-03-07,100000.0,100000.0,100000.0,100000.0,93590.62,100000.0,100000.0,102266.6,100000.0
2025-03-10,100000.0,100000.0,100000.0,100000.0,93590.62,100000.0,100000.0,102266.6,100000.0
2025-03-11,100000.0,100000.0,100000.0,100000.0,93590.62,100000.0,100000.0,102266.6,100000.0
2025-03-12,100000.0,100000.0,100000.0,100000.0,93590.62,100000.0,100000.0,102266.6,100000.0
2025-03-13,100000.0,100000.0,100000.0,100000.0,93590.62,100000.0,100000.0,102266.6,100000.0
2025-03-14,100000.0,100000.0,100000.0,100000.0,93590.62,100000.0,100000.0,102266.6,100000.0
2025-03-17,100000.0,100000.0,100000.0,100000.0,93590.62,100000.0,100000.0,102266.6,100000.0
2025-03-18,100000.0,100000.0,100000.0,100000.0,93590.62,100000.0,100000.0,102266.6,100000.0
2025-03-19,100000.0,100000.0,100000.0,100000.0,93590.62,100000.0,100000.0,102266.6,100000.0
2025-03-20,100000.0,100000.0,100000.0,100000.0,94377.96,100000.0,100000.0,102266.6,100000.0
2025-03-21,100000.0,100000.0,100000.0,100000.0,93741.96,100000.0,100000.0,102266.6,100000.0
2025-03-24,100000.0,100000.0,100000.0,100000.0,95485.21,100000.0,100000.0,102266.6,100000.0
2025-03-25,100000.0,100000.0,100000.0,100000.0,94680.96,100000.0,100000.0,102266.6,100000.0
2025-03-26,100000.0,100000.0,100000.0,100000.0,94266.96,100000.0,100000.0,102266.6,100000.0
2025-03-27,100000.0,100000.0,100000.0,100000.0,92313.71,100000.0,100000.0,102266.6,100000.0
2025-03-28,100000.0,100000.0,100000.0,100000.0,91432.96,100000.0,100000.0,102266.6,100000.0
2025-03-31,100000.0,100000.0,100000.0,100000.0,90509.94,100000.0,100000.0,102266.6,100000.0
2025-04-01,100000.0,100000.0,100000.0,100000.0,90509.94,100000.0,100000.0,102266.6,100000.0
2025-04-02,100000.0,100000.0,100000.0,100000.0,90509.94,100000.0,100000.0,102266.6,100000.0
2025-04-03,100000.0,100000.0,100000.0,100000.0,90509.94,100000.0,100000.0,102266.6,100000.0
2025-04-04,100000.0,100000.0,100000.0,100000.0,90509.94,100000.0,100000.0,102266.6,100000.0
2025-04-07,100000.0,100000.0,100000.0,100000.0,90509.94,100000.0,100000.0,102266.6,100000.0
2025-04-08,100000.0,100000.0,100000.0,100000.0,90509.94,100000.0,100000.0,102266.6,100000.0
2025-04-09,100000.0,100000.0,100000.0,100000.0,90509.94,100000.0,100000.0,102266.6,100000.0
2025-04-10,100000.0,100000.0,100000.0,100000.0,90509.94,100000.0,100000.0,102266.6,100000.0
2025-04-11,100000.0,100000.0,100000.0,100000.0,90509.94,100000.0,100000.0,102266.6,100000.0
2025-04-14,100000.0,100000.0,100000.0,100000.0,90598.67,100000.0,100000.0,102266.6,100000.0
2025-04-15,100000.0,100000.0,100000.0,100000.0,90473.92,100000.0,100000.0,102266.6,100000.0
2025-04-16,100000.0,100000.0,100000.0,100000.0,91012.17,100000.0,100000.0,102266.6,100000.0
2025-04-17,100000.0,100000.0,100000.0,100000.0,93953.42,100000.0,100000.0,102266.6,100000.0
2025-04-18,100000.0,100000.0,100000.0,100000.0,91811.92,100000.0,100000.0,102266.6,100000.0
2025-04-21,100000.0,100000.0,100000.0,100000.0,91710.67,100000.0,100000.0,102266.6,100000.0
2025-04-22,100000.0,100000.0,100000.0,100000.0,90454.92,100000.0,100000.0,102266.6,100000.0
2025-04-23,100000.0,100000.0,100000.0,100000.0,90193.17,100000.0,100000.0,102266.6,100000.0
2025-04-24,100000.0,100000.0,100000.0,100000.0,93257.17,100000.0,100000.0,102266.6,100000.0
2025-04-25,100000.0,100000.0,100000.0,100000.0,92234.67,100000.0,100000.0,102266.6,100000.0
2025-04-28,100000.0,100000.0,100000.0,100000.0,93034.67,100000.0,100000.0,102266.6,100000.0
2025-04-29,100000.0,100000.0,100000.0,100000.0,92110.42,100000.0,100000.0,102266.6,100000.0
2025-04-30,100000.0,100000.0,100000.0,100000.0,93127.92,100000.0,100000.0,102266.6,100000.0
2025-05-01,100000.0,100000.0,100000.0,100000.0,92530.67,100000.0,100000.0,102266.6,100000.0
2025-05-02,100000.0,100000.0,100000.0,100000.0,92405.42,100000.0,100000.0,102266.6,100000.0
2025-05-05,100000.0,100000.0,100000.0,100000.0,90178.92,100000.0,100000.0,102266.6,100000.0
2025-05-06,100000.0,100000.0,100000.0,100000.0,88718.17,100000.0,100000.0,102266.6,100000.0
2025-05-07,100000.0,100000.0,100000.0,100000.0,86752.83,100000.0,100000.0,102266.6,100000.0
2025-05-08,100000.0,100000.0,100000.0,100000.0,86752.83,100000.0,100000.0,102266.6,100000.0
2025-05-09,100000.0,100000.0,100000.0,100000.0,86752.83,100000.0,100000.0,102266.6,100000.0
2025-05-12,100000.0,100000.0,100000.0,100000.0,86752.83,100000.0,100000.0,102266.6,100000.0
2025-05-13,100000.0,100000.0,100000.0,100000.0,86752.83,100000.0,100000.0,102266.6,100000.0
2025-05-14,100000.0,100000.0,100000.0,100000.0,86752.83,100000.0,100000.0,102266.6,100000.0
2025-05-15,100000.0,100000.0,100000.0,100000.0,86752.83,100000.0,100000.0,102266.6,100000.0
2025-05-16,100000.0,100000.0,100000.0,100000.0,86752.83,100000.0,100000.0,102266.6,100000.0
2025-05-19,100000.0,100000.0,100000.0,100000.0,86752.83,100000.0,100000.0,102266.6,100000.0
2025-05-20,100000.0,100000.0,100000.0,100000.0,86752.83,100000.0,100000.0,102266.6,100000.0
2025-05-21,100000.0,100000.0,100000.0,100000.0,86752.83,100000.0,100000.0,102266.6,100000.0
2025-05-22,100000.0,100000.0,100000.0,100000.0,85139.76,100000.0,100000.0,102266.6,100000.0
2025-05-23,100000.0,100000.0,100000.0,100000.0,84667.44,100000.0,100000.0,102266.6,100000.0
2025-05-26,100000.0,100000.0,100000.0,100000.0,83675.04,100000.0,100000.0,102266.6,100000.0
2025-05-27,100000.0,100000.0,100000.0,100000.0,83632.32,100000.0,100000.0,102266.6,100000.0
2025-05-28,100000.0,100000.0,100000.0,100000.0,82508.88,100000.0,100000.0,102266.6,100000.0
2025-05-29,100000.0,100000.0,100000.0,100000.0,84754.6,100000.0,100000.0,102266.6,100000.0
2025-05-30,100000.0,100000.0,100000.0,100000.0,85600.12,100000.0,100000.0,102266.6,100000.0
2025-06-02,100000.0,100000.0,100000.0,100000.0,86117.32,100000.0,100000.0,102266.6,100000.0
2025-06-03,100000.0,100000.0,100000.0,100000.0,86067.88,100000.0,100000.0,102989.51,100000.0
2025-06-04,100000.0,100000.0,100000.0,100000.0,87612.04,100000.0,100000.0,102165.19,100000.0
2025-06-05,100000.0,100000.0,100000.0,100000.0,87094.12,100000.0,100000.0,101589.83,100000.0
2025-06-06,100000.0,100000.0,100000.0,100000.0,86557.0,100000.0,100000.0,101985.35,100000.0
2025-06-09,100000.0,100000.0,100000.0,100000.0,85759.24,100000.0,100000.0,101785.67,100000.0
2025-06-10,100000.0,100000.0,100000.0,100000.0,87943.96,100000.0,100000.0,103028.55,100000.0
2025-06-11,100000.0,100000.0,100000.0,100000.0,86216.2,100000.0,100000.0,103191.11,100000.0
2025-06-12,100000.0,100000.0,100000.0,100000.0,86829.4,100000.0,100000.0,102688.71,100000.0
2025-06-13,100000.0,100000.0,100000.0,100000.0,86659.96,100000.0,100000.0,104652.87,100000.0
2025-06-16,100000.0,100000.0,100000.0,100000.0,86084.44,100000.0,100000.0,105365.83,100000.0
2025-06-17,100000.0,100000.0,100000.0,100000.0,86672.92,100000.0,100000.0,102579.91,100000.0
2025-06-18,100000.0,100000.0,100000.0,100000.0,86912.92,100000.0,100000.0,102812.87,100000.0
2025-06-19,100000.0,100000.0,100000.0,100000.0,86547.88,100000.0,100000.0,101026.63,100000.0
2025-06-20,100000.0,100000.0,100000.0,100000.0,87127.0,100000.0,100000.0,102839.75,100000.0
2025-06-23,100000.0,100000.0,100000.0,100000.0,86037.64,100000.0,100000.0,101498.31,100000.0
2025-06-24,100000.0,100000.0,100000.0,100000.0,86758.12,100000.0,100000.0,103899.59,100000.0
2025-06-25,100000.0,100000.0,100000.0,100000.0,86748.52,100000.0,100000.0,103392.07,100000.0
2025-06-26,100000.0,100000.0,100000.0,100000.0,88160.92,100000.0,100000.0,102389.19,100000.0
2025-06-27,100000.0,100000.0,100000.0,100000.0,86315.32,100000.0,100000.0,102343.75,100000.0
2025-06-30,100000.0,100000.0,100000.0,100000.0,86724.52,100000.0,100000.0,105347.27,100000.0
2025-07-01,100000.0,100000.0,100000.0,100000.0,84919.48,100000.0,100000.0,104974.15,100000.0
2025-07-02,100000.0,100000.0,100000.0,100000.0,84827.66,100000.0,100000.0,104671.43,100000.0
2025-07-03,100000.0,100000.0,100000.0,100000.0,84827.66,100000.0,100000.0,105796.55,100000.0
2025-07-04,100000.0,100000.0,100000.0,100000.0,84827.66,100000.0,100000.0,106081.99,100000.0
2025-07-07,100000.0,100000.0,100000.0,100000.0,84827.66,100000.0,100000.0,107797.83,100000.0
2025-07-08,100000.0,100000.0,100000.0,100000.0,84827.66,100000.0,100000.0,109115.59,100000.0
2025-07-09,100000.0,100000.0,100000.0,100000.0,84827.66,100000.0,100000.0,109152.71,100000.0
2025-07-10,100000.0,100000.0,100000.0,100000.0,84827.66,100000.0,100000.0,108714.31,100000.0
2025-07-11,100000.0,100000.0,100000.0,100000.0,84827.66,100000.0,100000.0,109513.03,100000.0
2025-07-14,100000.0,100000.0,100000.0,100000.0,84827.66,100000.0,100000.0,110286.15,100000.0
2025-07-15,100000.0,100000.0,100000.0,100000.0,84827.66,100000.0,100000.0,112151.11,100000.0
2025-07-16,100000.0,100000.0,100000.0,100000.0,84827.66,100000.0,100000.0,112352.71,100000.0
2025-07-17,100000.0,100000.0,100000.0,100000.0,84512.96,100000.0,100000.0,112142.79,100000.0
2025-07-18,100000.0,100000.0,100000.0,100000.0,83675.36,100000.0,100000.0,111585.99,100000.0
2025-07-21,100000.0,100000.0,100000.0,100000.0,82511.12,100000.0,100000.0,111661.51,100000.0
2025-07-22,100000.0,100000.0,100000.0,100000.0,80811.15,100000.0,100000.0,110365.51,100000.0
2025-07-23,100000.0,100000.0,100000.0,100000.0,80811.15,100000.0,100000.0,108386.63,100000.0
2025-07-24,100000.0,100000.0,100000.0,100000.0,80811.15,100000.0,100000.0,108910.2,100000.0
2025-07-25,100000.0,100000.0,100000.0,100000.0,80811.15,100000.0,100000.0,108910.2,100000.0
2025-07-28,100000.0,100000.0,100000.0,100000.0,80811.15,100000.0,100000.0,108910.2,100000.0
2025-07-29,100000.0,100000.0,100000.0,100000.0,80988.61,100000.0,100000.0,108910.2,100000.0
2025-07-30,100000.0,100000.0,100000.0,100000.0,82455.09,100000.0,100000.0,108910.2,100000.0
2025-07-31,100000.0,99957.24,100000.0,100000.0,82056.96,100000.0,100000.0,108910.2,100000.0
2025-08-01,100000.0,97363.62,100000.0,100000.0,80098.51,100000.0,100000.0,108910.2,100000.0
2025-08-04,100000.0,95645.34,100000.0,100000.0,79879.67,100000.0,100000.0,108910.2,100000.0
2025-08-05,100000.0,94082.54,100000.0,100000.0,79879.67,100000.0,100000.0,108910.2,100000.0
2025-08-06,100000.0,94082.54,100000.0,100000.0,79879.67,100000.0,100000.0,108910.2,100000.0
2025-08-07,100000.0,94082.54,100000.0,100000.0,79879.67,100000.0,100000.0,108910.2,100000.0
2025-08-08,100000.0,94082.54,100000.0,100000.0,79879.67,100000.0,100000.0,108910.2,100000.0
2025-08-11,100000.0,94082.54,100000.0,100000.0,79879.67,100000.0,100000.0,108910.2,100000.0
2025-08-12,100000.0,94082.54,100000.0,100000.0,79879.67,100000.0,100000.0,108910.2,100000.0
2025-08-13,100000.0,94082.54,100000.0,100000.0,79879.67,100000.0,100000.0,108910.2,100000.0
2025-08-14,100000.0,94082.54,100000.0,100000.0,80231.97,100000.0,100000.0,108910.2,100000.0
2025-08-15,100000.0,94684.64,100000.0,100000.0,80062.46,100000.0,100000.0,108910.2,100000.0
2025-08-18,100000.0,96554.93,100000.0,100000.0,81617.49,100000.0,100000.0,108910.2,100000.0
2025-08-19,100000.0,99787.64,100000.0,100000.0,79385.34,100000.0,100000.0,108910.2,100000.0
2025-08-20,100000.0,100862.78,100000.0,100000.0,80317.99,100000.0,100000.0,108910.2,100000.0
2025-08-21,100000.0,101621.48,100000.0,100000.0,79953.9,100000.0,100000.0,108910.2,100000.0
2025-08-22,100000.0,103285.49,100000.0,100000.0,78060.08,100000.0,100000.0,108910.2,100000.0
2025-08-25,100000.0,105167.93,100000.0,100000.0,77105.58,100000.0,100000.0,108910.2,100000.0
2025-08-26,100000.0,102526.25,100000.0,100000.0,76794.88,100000.0,100000.0,108910.2,100000.0
2025-08-27,100000.0,101588.27,100000.0,100000.0,76794.88,100000.0,100000.0,108910.2,100000.0
2025-08-28,100000.0,101109.29,100000.0,100000.0,76794.88,100000.0,100000.0,108910.2,100000.0
2025-08-29,100000.0,98732.75,100000.0,100000.0,76794.88,100000.0,100000.0,108910.2,100000.0
2025-09-01,100000.0,99121.01,100000.0,100000.0,76794.88,100000.0,100000.0,108910.2,100000.0
2025-09-02,100000.0,99540.05,100000.0,100000.0,76794.88,100000.0,100000.0,108910.2,100000.0
2025-09-03,100000.0,100469.12,100000.0,100000.0,76794.88,100000.0,100000.0,108910.2,100000.0
2025-09-04,100000.0,101511.59,100000.0,100000.0,76794.88,100000.0,100000.0,108910.2,100000.0
2025-09-05,100000.0,101383.61,100000.0,100000.0,76794.88,100000.0,100000.0,108910.2,100000.0
2025-09-08,100000.0,101281.55,100000.0,100000.0,77805.36,100000.0,100000.0,108910.2,100000.0
2025-09-09,100000.0,100270.67,100000.0,100000.0,77277.05,100000.0,100000.0,108910.2,100000.0
2025-09-10,100000.0,99287.12,100000.0,100000.0,76299.32,100000.0,100000.0,108910.2,100000.0
2025-09-11,100000.0,99287.12,100000.0,100000.0,76170.13,100000.0,100000.0,108910.2,100000.0
2025-09-12,100000.0,99287.12,100000.0,100000.0,76170.13,100000.0,100000.0,108910.2,100000.0
2025-09-15,100000.0,99287.12,100000.0,100000.0,76170.13,100000.0,100000.0,108910.2,100000.0
2025-09-16,100000.0,99287.12,100000.0,100000.0,76170.13,100000.0,100000.0,108910.2,100000.0
2025-09-17,100000.0,99287.12,100000.0,100000.0,76170.13,100000.0,100000.0,108910.2,100000.0
2025-09-18,100000.0,99287.12,100000.0,100000.0,76170.13,100000.0,100000.0,108910.2,100000.0
2025-09-19,100000.0,99287.12,100000.0,100000.0,76170.13,100000.0,100000.0,108910.2,98337.93
2025-09-22,100000.0,99287.12,100000.0,100000.0,76170.13,100000.0,100000.0,108910.2,99215.18
2025-09-23,100000.0,99287.12,100000.0,100000.0,76170.13,100000.0,100000.0,108910.2,97854.48
2025-09-24,100000.0,99287.12,100000.0,100000.0,76170.13,100000.0,100000.0,108910.2,95284.33
2025-09-25,100000.0,99287.12,100000.0,100000.0,76170.13,100000.0,100000.0,108910.2,93069.46
2025-09-26,100000.0,99287.12,100000.0,100000.0,76170.13,100000.0,100000.0,108910.2,93069.46
2025-09-29,100000.0,99287.12,100000.0,100000.0,76170.13,100000.0,100000.0,108910.2,93069.46
2025-09-30,100000.0,99287.12,100000.0,100000.0,76170.13,100000.0,100000.0,108910.2,93069.46
2025-10-01,100000.0,99287.12,100000.0,100000.0,76093.3,100000.0,100000.0,108910.2,93069.46
2025-10-02,100000.0,99287.12,100000.0,100000.0,74402.26,100000.0,100000.0,108910.2,93069.46
2025-10-03,100000.0,99287.12,100000.0,100000.0,73773.7,100000.0,100000.0,108910.2,93069.46
2025-10-06,100000.0,99287.12,100000.0,100000.0,74641.78,100000.0,100000.0,108910.2,93069.46
2025-10-07,100000.0,99287.12,100000.0,100000.0,73462.9,100000.0,100000.0,108910.2,93069.46
2025-10-08,100000.0,99287.12,100000.0,100000.0,72219.4,100000.0,100000.0,108910.2,93069.46
2025-10-09,100000.0,99287.12,100000.0,100000.0,72219.4,100000.0,100000.0,108910.2,93069.46
2025-10-10,100000.0,99287.12,100000.0,100000.0,72219.4,100000.0,100000.0,108910.2,93069.46
2025-10-13,100000.0,99287.12,100000.0,100000.0,72219.4,100000.0,100000.0,108910.2,93069.46
2025-10-14,100000.0,99287.12,100000.0,100000.0,73432.21,100000.0,100000.0,108910.2,93069.46
2025-10-15,100000.0,99287.12,100000.0,100000.0,73922.81,100000.0,100000.0,108910.2,93069.46
2025-10-16,100000.0,99287.12,100000.0,100000.0,73564.43,100000.0,100000.0,110082.7,93069.46
2025-10-17,100000.0,99287.12,100000.0,100000.0,73424.07,100000.0,100000.0,107870.1,93069.46
2025-10-20,100000.0,99287.12,100000.0,100000.0,73385.35,100000.0,100000.0,104140.76,93069.46
2025-10-21,100000.0,99287.12,100000.0,100000.0,73129.05,100000.0,100000.0,104140.76,93069.46
2025-10-22,100000.0,99287.12,100000.0,100000.0,72499.41,100000.0,100000.0,104140.76,93069.46
2025-10-23,100000.0,99287.12,100000.0,100000.0,73737.57,100000.0,100000.0,104140.76,93069.46
2025-10-24,100000.0,99287.12,100000.0,100000.0,73316.49,100000.0,100000.0,104140.76,93069.46
2025-10-27,100000.0,99287.12,100000.0,100000.0,73117.17,100000.0,100000.0,104140.76,93069.46
2025-10-28,100000.0,99287.12,100000.0,100000.0,73964.39,100000.0,100000.0,104140.76,93069.46
2025-10-29,100000.0,99287.12,100000.0,100000.0,73937.99,100000.0,100000.0,104140.76,93069.46
2025-10-30,100000.0,99287.12,100000.0,100000.0,73129.93,100000.0,100000.0,104140.76,93069.46
2025-10-31,100000.0,99287.12,100000.0,100000.0,71995.61,100000.0,100000.0,104140.76,93069.46
2025-11-03,100000.0,99287.12,100000.0,100000.0,71196.79,100000.0,100000.0,104140.76,93069.46
2025-11-04,100000.0,99287.12,100000.0,100000.0,70052.88,100000.0,100000.0,103095.27,93069.46
2025-11-05,100000.0,99287.12,99393.17,100000.0,70052.88,100000.0,100000.0,104010.66,93069.46
2025-11-06,100000.0,99287.12,97983.67,100000.0,70052.88,100000.0,100000.0,103125.51,93069.46
2025-11-07,100000.0,99287.12,95226.42,100000.0,70052.88,100000.0,100000.0,99324.72,93069.46
2025-11-10,100000.0,99287.12,94640.42,100000.0,70052.88,100000.0,100000.0,98439.57,93069.46
2025-11-11,100000.0,99287.12,95925.67,100000.0,70052.88,100000.0,100000.0,95498.29,93069.46
2025-11-12,100000.0,99287.12,95002.92,100000.0,70052.88,100000.0,100000.0,95498.29,93069.46
2025-11-13,100000.0,99287.12,94949.17,100000.0,70052.88,100000.0,100000.0,95498.29,93069.46
2025-11-14,100000.0,99287.12,95499.42,100000.0,70052.88,100000.0,100000.0,95498.29,93069.46
2025-11-17,100000.0,99287.12,97995.17,100000.0,70052.88,100000.0,100000.0,95498.29,93069.46
2025-11-18,100000.0,99287.12,97023.92,100000.0,70397.52,100000.0,100000.0,95498.29,93069.46
2025-11-19,100000.0,99287.12,96862.92,100000.0,68941.56,100000.0,100000.0,95498.29,93069.46
2025-11-20,100000.0,99287.12,96192.92,100000.0,68831.12,100000.0,100000.0,95498.29,93069.46
2025-11-21,100000.0,99287.12,97040.67,100000.0,70363.44,100000.0,100000.0,95498.29,93069.46
2025-11-24,100000.0,99287.12,96954.42,100000.0,70363.44,100000.0,100000.0,95498.29,93069.46
2025-11-25,100000.0,99287.12,97885.92,100000.0,71744.83,100000.0,100000.0,95498.29,93069.46
2025-11-26,100000.0,99816.67,96086.62,100000.0,69201.45,100000.0,100000.0,95682.56,93069.46
2025-11-27,100000.0,100845.75,96086.62,100000.0,69201.45,100000.0,100000.0,95305.58,93069.46
2025-11-28,100000.0,98892.11,96086.62,100000.0,69201.45,100000.0,100000.0,93767.16,93069.46
2025-12-01,100000.0,100114.89,96086.62,100000.0,69201.45,100000.0,100000.0,92098.2,93069.46
2025-12-02,100000.0,99823.69,96086.62,100000.0,69201.45,100000.0,100000.0,91681.57,93069.46
2025-12-03,100000.0,97868.23,96086.62,100000.0,69201.45,100000.0,100000.0,90517.69,93069.46
2025-12-04,100000.0,100488.77,96086.62,100000.0,69201.45,100000.0,100000.0,90783.04,93069.46
2025-12-05,100000.0,101922.41,96086.62,100000.0,69201.45,100000.0,100000.0,90772.06,93069.46
2025-12-08,100000.0,102608.03,96086.62,100000.0,69201.45,100000.0,100000.0,88489.44,93069.46
2025-12-09,100000.0,102566.69,96086.62,100000.0,69201.45,100000.0,100000.0,87421.65,93069.46
2025-12-10,100000.0,103427.29,96086.62,100000.0,69201.45,100000.0,100000.0,87421.65,93069.46
2025-12-11,100000.0,100935.97,96086.62,100000.0,69201.45,100000.0,100000.0,87421.65,93069.46
2025-12-12,100000.0,100542.33,96086.62,100000.0,69201.45,100000.0,100000.0,87473.87,93069.46
2025-12-15,100000.0,101826.47,96086.62,100000.0,69201.45,100000.0,100000.0,91116.53,93069.46
2025-12-16,100000.0,103175.61,96086.62,100000.0,69201.45,100000.0,100000.0,89654.51,93069.46
2025-12-17,100000.0,101904.47,96086.62,100000.0,69201.45,100000.0,100000.0,88951.82,93069.46
2025-12-18,100000.0,103352.15,96086.62,100000.0,69201.45,100000.0,100000.0,88226.12,93069.46
2025-12-19,100000.0,102709.95,96086.62,100000.0,69201.45,100000.0,100000.0,87652.64,93069.46
2025-12-22,100000.0,105195.29,96086.62,100000.0,69201.45,100000.0,100000.0,89137.67,93069.46
2025-12-23,100000.0,102996.73,96086.62,100000.0,69201.45,100000.0,100000.0,88860.37,93069.46
2025-12-24,100000.0,102778.59,96086.62,100000.0,69201.45,100000.0,100000.0,87259.11,93069.46
2025-12-25,100000.0,103652.19,96086.62,100000.0,69201.45,100000.0,100000.0,89427.36,93069.46
2025-12-26,100000.0,102588.01,96086.62,100000.0,69201.45,100000.0,100000.0,88256.8,93069.46
2025-12-29,100000.0,104637.07,96086.62,100000.0,70441.22,100000.0,100000.0,88525.84,93069.46
2025-12-30,100000.0,104936.59,96086.62,100000.0,70697.72,100000.0,100000.0,86802.45,93069.46
2025-12-31,100000.0,107598.99,96086.62,100000.0,68494.72,100000.0,100000.0,84178.13,93069.46
2026-01-01,100000.0,107194.43,96086.62,100000.0,68223.47,100000.0,100000.0,83906.81,93069.46
2026-01-02,100000.0,108095.07,96086.62,100000.0,67300.94,100000.0,100000.0,83906.81,93069.46
2026-01-05,100000.0,107293.49,96086.62,100000.0,67300.94,100000.0,100000.0,83906.81,93069.46
2026-01-06,100000.0,106533.77,96086.62,100000.0,67984.86,100000.0,100000.0,83906.81,93069.46
2026-01-07,100000.0,105773.53,96086.62,100000.0,67135.11,100000.0,100000.0,83906.81,93069.46
2026-01-08,100000.0,104830.77,96086.62,100000.0,67013.45,100000.0,100000.0,83906.81,93069.46
2026-01-09,100000.0,106053.81,96086.62,100000.0,67013.45,100000.0,100000.0,83906.81,93069.46
2026-01-12,100000.0,105694.23,96086.62,100000.0,67013.45,100000.0,100000.0,83906.81,93069.46
2026-01-13,100000.0,105108.29,96086.62,100000.0,67013.45,100000.0,100000.0,83906.81,93069.46
2026-01-14,100000.0,105108.29,96086.62,100000.0,67258.73,100000.0,100000.0,83906.81,93069.46
2026-01-15,100000.0,105108.29,96086.62,100000.0,67606.73,100000.0,100000.0,83906.81,93069.46
2026-01-16,100000.0,105108.29,96086.62,100000.0,67156.48,100000.0,100000.0,83906.81,93069.46
2026-01-19,100000.0,105108.29,96086.62,100000.0,68501.73,100000.0,100000.0,83906.81,93069.46
2026-01-20,100000.0,105108.29,96086.62,100000.0,67332.23,100000.0,100000.0,83906.81,93069.46
2026-01-21,100000.0,105108.29,96086.62,100000.0,67652.73,100000.0,100000.0,83906.81,93069.46
2026-01-22,100000.0,105108.29,96086.62,100000.0,68715.73,100000.0,100000.0,83906.81,93069.46
2026-01-23,100000.0,105108.29,96086.62,100000.0,68056.23,100000.0,100000.0,83906.81,93069.46
2026-01-26,100000.0,105108.29,96086.62,100000.0,69150.73,100000.0,100000.0,83906.81,93069.46
2026-01-27,100000.0,105108.29,96086.62,100000.0,71289.23,100000.0,100000.0,83906.81,93069.46
2026-01-28,100000.0,105108.29,96086.62,100000.0,71789.48,100000.0,100000.0,83906.81,93069.46
2026-01-29,100000.0,105108.29,96086.62,100000.0,71408.23,100000.0,100000.0,83906.81,93069.46
2026-01-30,100000.0,105108.29,96086.62,100000.0,72546.73,100000.0,100000.0,83906.81,93069.46
2026-02-02,100000.0,105108.29,96086.62,100000.0,71422.48,100000.0,100000.0,83810.83,93069.46
2026-02-03,100000.0,105108.29,96086.62,100000.0,70244.98,100000.0,100000.0,82767.63,93069.46
2026-02-04,100000.0,105108.29,96086.62,100000.0,70046.23,100000.0,100000.0,82396.43,93069.46
2026-02-05,100000.0,105108.29,96086.62,100000.0,71419.98,100000.0,100000.0,83567.63,93069.46
2026-02-06,100000.0,105108.29,96086.62,100000.0,71371.48,100000.0,100000.0,82670.99,93069.46
2026-02-09,100000.0,105108.29,96086.62,100000.0,70644.23,100000.0,100000.0,81486.35,93069.46
2026-02-10,100000.0,105108.29,96086.62,100000.0,71434.98,100000.0,100000.0,79774.99,93069.46
2026-02-11,100000.0,105108.29,96086.62,100000.0,71194.23,100000.0,100000.0,80099.47,93069.46
2026-02-12,100000.0,105108.29,96086.62,100000.0,72649.98,100000.0,100000.0,80270.35,93069.46
2026-02-13,100000.0,105108.29,96086.62,100000.0,71786.23,100000.0,100000.0,79603.47,93069.46
2026-02-16,100000.0,105108.29,96086.62,100000.0,71969.48,100000.0,100000.0,82375.31,93069.46
2026-02-17,100000.0,105108.29,96086.62,100000.0,71877.73,100000.0,100000.0,82957.71,93069.46
2026-02-18,100000.0,105108.29,96086.62,100000.0,70453.48,100000.0,100000.0,83568.91,93069.46
2026-02-19,100000.0,105108.29,96086.62,100000.0,71060.73,100000.0,100000.0,83300.11,93069.46
2026-02-20,100000.0,105108.29,96086.62,100000.0,70457.19,100000.0,100000.0,85696.27,93069.46
2026-02-23,100000.0,105108.29,96086.62,100000.0,70457.19,100000.0,100000.0,84685.07,93069.46
2026-02-24,100000.0,105108.29,96086.62,100000.0,70457.19,100000.0,100000.0,86217.87,93069.46
2026-02-25,100000.0,105108.29,96086.62,100000.0,70457.19,100000.0,100000.0,85131.15,93069.46
2026-02-26,100000.0,105108.29,96086.62,100000.0,70457.19,100000.0,100000.0,82377.23,93069.46
2026-02-27,100000.0,105108.29,96086.62,100000.0,70457.19,100000.0,100000.0,82070.03,93069.46
2026-03-02,100000.0,105108.29,96086.62,100000.0,70457.19,100000.0,100000.0,82839.31,93069.46
2026-03-03,100000.0,105108.29,96086.62,100000.0,70457.19,100000.0,100000.0,84298.51,93069.46
2026-03-04,100000.0,105108.29,96086.62,100000.0,70457.19,100000.0,100000.0,85021.71,93069.46
2026-03-05,100000.0,105108.29,96086.62,100000.0,70457.19,100000.0,100000.0,85872.91,93069.46
2026-03-06,100000.0,105108.29,96086.62,100000.0,70457.19,100000.0,100000.0,87409.55,93069.46
2026-03-09,100000.0,105108.29,96086.62,100000.0,70457.19,100000.0,100000.0,88096.91,93069.46
2026-03-10,100000.0,105108.29,96086.62,100000.0,70457.19,100000.0,100000.0,88735.63,93069.46
2026-03-11,100000.0,105108.29,96086.62,100000.0,70457.19,100000.0,100000.0,86752.91,93069.46
2026-03-12,100000.0,105108.29,96086.62,100000.0,70457.19,100000.0,100000.0,85583.63,93069.46
2026-03-13,100000.0,105108.29,96086.62,100000.0,70457.19,100000.0,100000.0,88084.11,93069.46
2026-03-16,100000.0,105108.29,96086.62,100000.0,70457.19,100000.0,100000.0,88096.27,93069.46
2026-03-17,100000.0,105108.29,96086.62,100000.0,70457.19,100000.0,100000.0,88289.55,93069.46
2026-03-18,100000.0,105108.29,96086.62,100000.0,70457.19,100000.0,100000.0,88784.27,93069.46
2026-03-19,100000.0,105108.29,96086.62,100000.0,70457.19,100000.0,100000.0,86480.27,93069.46
2026-03-20,100000.0,105108.29,96086.62,100000.0,70457.19,100000.0,100000.0,87333.39,93069.46
2026-03-23,100000.0,105108.29,96086.62,100000.0,70457.19,100000.0,100000.0,86363.15,93069.46
2026-03-24,100000.0,105108.29,96086.62,100000.0,70457.19,100000.0,100000.0,85021.07,93069.46
2026-03-25,100000.0,105108.29,96086.62,100000.0,70457.19,100000.0,100000.0,84716.36,93069.46
2026-03-26,100000.0,105108.29,96086.62,100000.0,70457.19,100000.0,100000.0,84716.36,93069.46
2026-03-27,100000.0,105108.29,96086.62,100000.0,70457.19,98338.82,100000.0,84716.36,93069.46
2026-03-30,100000.0,105108.29,96086.62,100000.0,70457.19,96690.16,100000.0,84716.36,93069.46
2026-03-31,100000.0,105108.29,96086.62,100000.0,70457.19,96686.42,100000.0,84716.36,93069.46
2026-04-01,100000.0,105108.29,96086.62,100000.0,70457.19,98802.58,100000.0,84716.36,93069.46
2026-04-02,100000.0,105852.17,96086.62,100000.0,70457.19,99476.46,100000.0,84716.36,93069.46
2026-04-03,100000.0,107093.21,96086.62,100000.0,70457.19,97939.66,100000.0,84716.36,93069.46
2026-04-06,100000.0,108004.73,96086.62,100000.0,70457.19,97766.94,100000.0,84716.36,93069.46
2026-04-07,100000.0,107879.93,96086.62,100000.0,70457.19,98179.02,100000.0,84716.36,93069.46
2026-04-08,100000.0,108717.53,96086.62,100000.0,70457.19,98440.82,100000.0,84716.36,93069.46
2026-04-09,100000.0,108810.41,96086.62,100000.0,70457.19,98887.58,100000.0,84716.36,93069.46
2026-04-10,100000.0,110312.57,96086.62,100000.0,70457.19,96046.88,100000.0,84716.36,93069.46
2026-04-13,100000.0,105763.13,96086.62,100000.0,70457.19,95345.8,100000.0,84716.36,93069.46
2026-04-14,100000.0,104889.53,96086.62,100000.0,70457.19,94820.16,100000.0,84716.36,93069.46
2026-04-15,100000.0,103873.61,96086.62,100000.0,70457.19,95171.04,100000.0,84716.36,93069.46
2026-04-16,100000.0,102754.49,96086.62,100000.0,70457.19,93519.32,100000.0,84716.36,93069.46
2026-04-17,100000.0,104419.45,96086.62,100000.0,70457.19,93878.7,100000.0,84716.36,93069.46
2026-04-20,100000.0,104419.45,96086.62,100000.0,70457.19,93917.8,100000.0,84716.36,93069.46
2026-04-21,100000.0,104419.45,96086.62,100000.0,70457.19,93920.18,100000.0,84716.36,93069.46
2026-04-22,100000.0,104419.45,96086.62,100000.0,70457.19,93007.28,100000.0,84716.36,93069.46
2026-04-23,100000.0,104419.45,96086.62,100000.0,70457.19,94243.18,100000.0,84716.36,93069.46
2026-04-24,100000.0,104419.45,96086.62,100000.0,70457.19,93947.04,100000.0,84716.36,93069.46
2026-04-27,100000.0,104419.45,96086.62,100000.0,70457.19,93242.56,100000.0,84716.36,93069.46
2026-04-28,100000.0,104419.45,96086.62,100000.0,70457.19,93203.12,100000.0,84716.36,93069.46
2026-04-29,100000.0,104419.45,96086.62,100000.0,70457.19,94338.72,100000.0,84716.36,93069.46
2026-04-30,100000.0,104419.45,96086.62,100000.0,70457.19,91508.22,100000.0,84716.36,93069.46
2026-05-01,100000.0,104419.45,96086.62,100000.0,70457.19,91282.8,100000.0,84716.36,93069.46
2026-05-04,100000.0,104419.45,96086.62,100000.0,70457.19,89794.28,100000.0,84716.36,93069.46
2026-05-05,100000.0,104419.45,96086.62,100000.0,70457.19,90045.88,100000.0,84716.36,93069.46
2026-05-06,100000.0,104419.45,96086.62,100000.0,70457.19,92852.92,100000.0,84716.36,93069.46
2026-05-07,100000.0,104419.45,96086.62,100000.0,70457.19,94187.08,100000.0,84716.36,93069.46
2026-05-08,100000.0,104419.45,96086.62,100000.0,70517.8,92220.59,100000.0,84716.36,93069.46
2026-05-11,100000.0,104419.45,96086.62,100000.0,69912.26,92220.59,100000.0,84716.36,93069.46
2026-05-12,100000.0,104419.45,96086.62,100000.0,70263.0,92220.59,100000.0,84716.36,93069.46
2026-05-13,100000.0,104419.45,96086.62,100000.0,69476.5,92220.59,100000.0,84716.36,93069.46
2026-05-14,100000.0,104419.45,96086.62,100000.0,68542.84,92220.59,100000.0,84716.36,93069.46
2026-05-15,100000.0,104419.45,96086.62,100000.0,67427.96,92220.59,100000.0,84716.36,93069.46
